Time,Voltage(V),Battery_Status(%),Temperature(C),Pressure(Pa),GPS_Altitude(m),Arduino_Altitude(m),Calculated_Altitude(m),Accel_X(m/s^2),Accel_Y(m/s^2),Accel_Z(m/s^2),Gyro_X,Gyro_Y,Gyro_Z,Mag_X,Mag_Y,Mag_Z,Quat_I,Quat_J,Quat_K,Quat_Real,Latitude,Longitude
16:30:58,2.674194,88,20.82339,1016.176,-0.904,-24.33042,63335.56479500366,9.675781,0.566406,-0.414063,-0.005859,0,-0.001953,-40.9375,-20.9375,-1.8125,0.722107,-0.000488,0.690735,0.038086,35.175813,-76.8283576
16:30:59,2.683871,88,20.82626,1016.177,-0.928,-24.33945,63336.16280015146,9.632813,0.566406,-0.414063,0.003906,0,-0.001953,-39.4375,-21.75,-0.375,0.722046,-0.003052,0.690674,0.040527,35.1758132,-76.8283578
16:31:00,2.619355,85,20.82197,1016.172,-0.966,-24.2963,63335.340166172056,9.671875,0.527344,-0.414063,0,0,-0.001953,-39.8125,-21.375,-0.4375,0.722107,-0.009216,0.690186,0.046448,35.1758133,-76.8283581
16:31:01,2.664516,87,20.82796,1016.175,-0.984,-24.32339,63336.56971263615,9.671875,0.527344,-0.375,0,0,-0.001953,-39.5,-20.3125,-0.375,0.722046,-0.013062,0.68988,0.050293,35.1758132,-76.8283581
16:31:02,2.696774,89,20.82597,1016.179,-0.985,-24.35851,63336.059667633366,9.714844,0.527344,-0.414063,0.003906,0,-0.001953,-39.5,-20.3125,-0.375,0.722046,-0.013062,0.68988,0.050293,35.1758132,-76.828358
16:31:03,2.629032,85,20.82654,1016.178,-0.98,-24.35148,63336.20279861301,9.714844,0.527344,-0.335938,0,0,0,-40.5625,-21,-0.9375,0.721924,-0.016907,0.689636,0.054077,35.1758131,-76.828358
16:31:04,2.645161,86,20.82169,1016.175,-0.999,-24.32239,63335.218862075446,9.671875,0.527344,-0.414063,0,0,0,-40.5625,-21,-0.9375,0.721924,-0.016907,0.689636,0.054077,35.1758132,-76.828358
16:31:07,2.670968,87,20.81969,1016.178,-1.031,-24.34647,63334.72699041018,9.714844,0.527344,-0.375,0.001953,0,0.003906,-39.875,-20,-5.5625,0.721191,-0.032593,0.688477,0.069031,35.1758133,-76.8283584
16:31:08,2.590322,83,20.84595,1016.178,-1.037,-24.34847,63340.384614265095,9.671875,0.527344,-0.414063,0.001953,0.001953,0,-40.0625,-19.625,-2.1875,0.720886,-0.037903,0.687988,0.074219,35.1758133,-76.8283587
16:31:09,2.703226,89,20.84966,1016.182,-1.051,-24.3856,63341.10260819071,9.714844,0.527344,-0.375,0.001953,0.001953,-0.001953,-39.25,-21.0625,-2.125,0.720581,-0.044067,0.687317,0.080017,35.1758134,-76.828359
16:31:10,2.667742,87,20.83881,1016.183,-1.053,-24.39061,63338.74468988286,9.714844,0.488281,-0.414063,0,0,0,-39.25,-21.0625,-2.125,0.720581,-0.044067,0.687317,0.080017,35.1758135,-76.8283592
16:31:12,2.732258,91,20.83938,1016.182,-1.06,-24.37958,63338.887821497396,9.671875,0.527344,-0.414063,0,0,0,-39.1875,-20.0625,-0.4375,0.720703,-0.043823,0.687256,0.079834,35.1758135,-76.8283597
16:31:13,2.683871,88,20.84538,1016.184,-1.058,-24.39563,63340.13984308303,9.675781,0.527344,-0.449219,0,0,0,-39.4375,-21.4375,-0.375,0.720764,-0.042969,0.687317,0.079102,35.1758135,-76.8283598
16:31:14,2.641936,86,20.85651,1016.186,-1.064,-24.41269,63342.49710057058,9.714844,0.453125,-0.375,0,0,0,-40.1875,-21.6875,-1.75,0.720825,-0.042419,0.687317,0.078613,35.1758135,-76.8283599
16:31:15,2.709677,89,20.84995,1016.184,-1.065,-24.39663,63341.12443147718,9.714844,0.527344,-0.414063,0,0,0,-39.875,-20.3125,-0.5,0.720825,-0.042419,0.687317,0.078613,35.1758134,-76.8283601
16:31:16,2.667742,87,20.85622,1016.186,-1.085,-24.41971,63342.434621259636,9.671875,0.527344,-0.414063,0,0,0,-39.875,-20.3125,-0.5,0.720825,-0.042419,0.687317,0.078613,35.1758134,-76.8283602
16:31:17,2.658065,87,20.85509,1016.186,-1.092,-24.41469,63342.19116739283,9.714844,0.527344,-0.414063,0,0,0,-39.625,-19.6875,-1.3125,0.720886,-0.041321,0.687439,0.077637,35.1758133,-76.8283604
16:31:18,2.674194,88,20.86023,1016.187,-1.088,-24.42372,63343.27823063814,9.671875,0.527344,-0.375,0,0,0,-39.625,-19.6875,-1.3125,0.720886,-0.041321,0.687439,0.077637,35.1758133,-76.8283605
16:31:20,2.648387,86,20.8528,1016.188,-1.062,-24.42773,63341.65713997393,9.671875,0.527344,-0.414063,0,0,0,-40.3125,-20.625,-1.8125,0.72052,-0.046265,0.686951,0.082336,35.1758131,-76.8283607
16:31:21,2.712903,90,20.85937,1016.187,-1.046,-24.42573,63343.092947223755,9.671875,0.527344,-0.414063,0,0,0,-40.3125,-20.625,-1.8125,0.72052,-0.046387,0.686951,0.08252,35.1758131,-76.8283608
16:31:22,2.712903,90,20.85851,1016.186,-1.039,-24.4177,63342.92799237023,9.675781,0.566406,-0.414063,0,0,0,-39.625,-20.6875,-2.1875,0.720337,-0.048889,0.686707,0.084839,35.175813,-76.8283608
16:31:23,2.664516,87,20.86222,1016.188,-1.034,-24.42874,63343.686639047606,9.710938,0.566406,-0.375,0,0,0,-39.5,-21.0625,-1.25,0.720398,-0.047913,0.686768,0.083923,35.175813,-76.8283609
16:31:25,2.706452,89,20.86366,1016.187,-1.043,-24.42171,63344.017209837366,9.636719,0.527344,-0.414063,0,0,0,-39.25,-20.375,-1.75,0.72052,-0.045715,0.687073,0.081848,35.1758128,-76.8283613
16:31:26,2.683871,88,20.88192,1016.19,-1.03,-24.45181,63347.89026030995,9.671875,0.527344,-0.414063,-0.003906,0.001953,0,-39.875,-21.375,-1.8125,0.720642,-0.04303,0.687378,0.079224,35.1758128,-76.8283613
16:31:27,2.677419,88,20.88591,1016.19,-1.026,-24.4488,63348.74988834674,9.671875,0.566406,-0.449219,0,0,0,-39.1875,-21.0625,-1.25,0.720703,-0.042664,0.687378,0.078796,35.1758127,-76.8283614
16:31:29,2.693548,89,20.88392,1016.193,-1.036,-24.47188,63348.260160960286,9.671875,0.566406,-0.449219,-0.003906,-0.001953,0,-40.8125,-21.6875,-1,0.720947,-0.039185,0.687805,0.075256,35.1758127,-76.8283616
16:31:30,2.674194,88,20.88248,1016.192,-1.03,-24.46686,63347.97024963683,9.671875,0.488281,-0.375,0,0,0,-40.125,-21.375,-0.125,0.721252,-0.032654,0.688477,0.069214,35.1758127,-76.8283617
16:31:31,2.63871,86,20.88792,1016.194,-1.036,-24.4789,63349.101612195926,9.675781,0.527344,-0.449219,0,-0.001953,-0.001953,-39.3125,-20.375,-8.5,0.721375,-0.029541,0.688721,0.066223,35.1758126,-76.8283618
16:31:32,2.690323,88,20.8842,1016.194,-1.036,-24.4789,63348.300155506266,9.671875,0.488281,-0.414063,0,0,0,-40.875,-21.3125,-0.5625,0.721191,-0.035767,0.688049,0.072144,35.1758126,-76.8283619
16:31:34,2.664516,87,20.88763,1016.194,-1.017,-24.48292,63349.039133045386,9.632813,0.566406,-0.414063,0,0,0,-39.5,-21.75,-2.1875,0.720947,-0.039307,0.687744,0.075439,35.1758124,-76.8283621
16:31:35,2.7,89,20.90733,1016.197,-1.006,-24.509,63353.22241120878,9.671875,0.527344,-0.375,0,0,0,-40.25,-21,-1.375,0.720947,-0.039124,0.687805,0.075317,35.1758124,-76.828362
16:31:37,2.693548,89,20.90562,1016.199,-0.967,-24.52606,63352.81333693203,9.671875,0.527344,-0.414063,0,0.001953,-0.001953,-40.5,-20.3125,1.125,0.72113,-0.034485,0.688293,0.070862,35.1758124,-76.828362
16:31:38,2.687097,88,20.90105,1016.194,-0.979,-24.48292,63351.930409597866,9.671875,0.527344,-0.414063,0.001953,0.001953,0.001953,-40.3125,-20.3125,-1.375,0.721436,-0.027771,0.688904,0.064636,35.1758124,-76.828362
16:31:39,2.693548,89,20.89306,1016.196,-0.975,-24.49796,63350.16833978321,9.671875,0.488281,-0.414063,0,-0.001953,0.003906,-40.8125,-20.625,1.125,0.721619,-0.021179,0.689514,0.058044,35.1758123,-76.828362
16:31:40,2.674194,88,20.89648,1016.196,-0.971,-24.49696,63350.90516239593,9.675781,0.527344,-0.449219,0,0,0,-39.75,-20.375,1.1875,0.721741,-0.016846,0.68988,0.053955,35.1758123,-76.828362
16:31:41,2.677419,88,20.90932,1016.196,-0.974,-24.49596,63353.671478871765,9.632813,0.566406,-0.375,0,0,0,-40.5,-20.625,0.75,0.721802,-0.014709,0.690002,0.051941,35.1758123,-76.828362
16:31:43,2.66129,87,20.9136,1016.198,-0.975,-24.51402,63354.55292012394,9.675781,0.488281,-0.449219,-0.001953,0,0.001953,-39.75,-19.6875,-3.4375,0.721863,-0.012939,0.690125,0.050293,35.1758122,-76.828362
16:31:44,2.693548,89,20.90191,1016.196,-0.977,-24.50198,63352.07502987754,9.671875,0.527344,-0.414063,0,0,0,-39.125,-22.125,-2.125,0.721497,-0.023315,0.689392,0.060303,35.1758121,-76.828362
16:31:45,2.712903,90,20.91075,1016.194,-0.971,-24.48292,63354.020229460686,9.671875,0.566406,-0.449219,0,0,-0.001953,-39.5,-21.0625,-0.875,0.721375,-0.027283,0.689026,0.064331,35.1758121,-76.828362
16:31:46,2.719355,90,20.92731,1016.201,-0.976,-24.53709,63357.44567301035,9.671875,0.527344,-0.414063,-0.003906,0,0.001953,-40.1875,-20.625,-0.125,0.721375,-0.027954,0.688965,0.064941,35.1758121,-76.8283621
16:31:48,2.670968,87,20.9176,1016.198,-0.965,-24.51402,63355.414700404406,9.671875,0.488281,-0.335938,0.001953,0,0,-40.8125,-20.3125,1.5,0.721313,-0.027405,0.689087,0.064087,35.175812,-76.8283622
16:31:49,2.677419,88,20.92445,1016.199,-0.967,-24.52706,63356.87016630034,9.671875,0.527344,-0.414063,0.001953,0,0,-39,-20.75,1.25,0.721375,-0.024841,0.689331,0.061646,35.1758121,-76.8283621
16:31:52,2.683871,88,20.92216,1016.202,-0.922,-24.54813,63356.31579936297,9.675781,0.566406,-0.375,0.007813,-0.003906,0,-39.6875,-21,1.1875,0.722046,-0.013306,0.690125,0.046936,35.1758114,-76.8283623
16:31:53,2.674194,88,20.93216,1016.206,-0.912,-24.58124,63358.38891435266,9.714844,0.527344,-0.375,-0.015625,-0.001953,0.003906,-39.6875,-21,1.1875,0.722046,-0.013306,0.690125,0.046936,35.1758114,-76.8283623
16:31:54,2.664516,87,20.92645,1016.207,-0.901,-24.58726,63357.138393378584,9.710938,0.527344,-0.296875,-0.025391,-0.009766,-0.001953,-39.375,-21.0625,0.8125,0.722046,-0.011292,0.690247,0.045776,35.1758113,-76.8283623
16:31:55,2.664516,87,20.92902,1016.206,-0.895,-24.58525,63357.712418569325,9.554688,1.027344,-0.644531,0.007813,-0.003906,-0.001953,-39.375,-21.0625,0.8125,0.722107,-0.01123,0.690186,0.045776,35.1758112,-76.8283621
16:31:56,2.648387,86,20.93616,1016.208,-0.903,-24.59528,63359.21002553746,9.597656,0.414063,-1.292969,0.123047,-0.066406,-0.011719,-38.5625,-21.125,2.125,0.74823,-0.014038,0.661926,0.04248,35.1758113,-76.8283611
16:31:57,2.664516,87,20.9373,1016.205,-0.965,-24.57421,63359.51663272605,9.402344,0.566406,-1.21875,0.175781,-0.236328,0.039063,-37.1875,-20.8125,8.125,0.773987,-0.00354,0.63269,0.02478,35.1758122,-76.8283576
16:32:01,2.696774,89,20.92788,1016.21,-0.927,-24.61435,63357.38548043894,9.332031,-0.007813,-2.671875,0.033203,0.1875,-0.017578,-36.9375,-19.5,13.6875,-0.797241,-0.027039,-0.602966,0.011536,35.1758112,-76.8283609
16:32:04,2.683871,88,20.95271,1016.203,-0.955,-24.55816,63362.877303112815,9.671875,0.375,0.085938,-0.015625,0.005859,0,-39.6875,-20,-3.0625,0.700195,-0.009705,0.712891,0.037842,35.1758108,-76.8283623
16:32:05,2.680645,88,20.96356,1016.208,-0.982,-24.59528,63365.11320151386,9.675781,0.335938,0.199219,0.017578,0,0,-40,-20.375,-2.6875,0.700134,-0.01062,0.712891,0.038879,35.1758108,-76.8283624
16:32:07,2.66129,87,20.96014,1016.212,-1.012,-24.62939,63364.29504162625,9.675781,0.414063,0.199219,0.005859,0,0.003906,-41.1875,-19.9375,-3.625,0.698792,-0.032104,0.711853,0.062683,35.175811,-76.8283623
16:32:09,2.719355,90,20.96299,1016.209,-1.042,-24.60632,63364.970062957094,9.714844,0.414063,0.125,0.009766,0,0,-40.6875,-21.3125,-3.1875,0.699524,-0.038574,0.710266,0.068604,35.1758112,-76.8283621
16:32:10,2.725806,90,20.97412,1016.213,-1.076,-24.64143,63367.28661423897,9.710938,0.414063,0.199219,-0.001953,0.001953,0.001953,-41.5625,-20.25,-4.5625,0.699585,-0.035767,0.710571,0.065796,35.1758113,-76.8283621
16:32:11,2.667742,87,20.961,1016.212,-1.099,-24.63341,63364.48032355408,9.675781,0.335938,0.199219,-0.019531,0,-0.001953,-40.625,-21.3125,-1.875,0.699707,-0.031494,0.71106,0.061523,35.1758113,-76.828362
16:32:12,2.696774,89,20.97213,1016.216,-1.119,-24.66551,63366.79687336353,9.710938,0.375,0.199219,-0.017578,0,0,-40.375,-20,-1.875,0.699829,-0.028076,0.711365,0.058228,35.1758113,-76.8283619
16:32:13,2.670968,87,20.96328,1016.211,-1.126,-24.62037,63364.99187131645,9.671875,0.453125,0.125,-0.001953,-0.001953,0.001953,-40.3125,-21,-2.6875,0.699951,-0.025635,0.711548,0.055969,35.1758113,-76.8283618
16:32:14,2.722581,90,20.97984,1016.216,-1.144,-24.66852,63368.45794525872,9.675781,0.414063,0.199219,0.001953,-0.001953,0.001953,-41,-21.3125,-7.4375,0.700073,-0.023682,0.71167,0.054077,35.1758114,-76.8283618
16:32:15,2.667742,87,20.97099,1016.215,-1.173,-24.65749,63366.57160304966,9.671875,0.375,0.160156,0.005859,0.001953,0.001953,-40.8125,-20.625,-4,0.700073,-0.027588,0.711182,0.0578,35.1758115,-76.8283619
16:32:16,2.658065,87,20.97784,1016.212,-1.201,-24.6324,63368.108402234066,9.671875,0.453125,0.160156,0.005859,0,0,-41.25,-19.1875,-3.625,0.699707,-0.032166,0.710938,0.062622,35.1758116,-76.8283621
16:32:17,2.66129,87,20.97869,1016.218,-1.222,-24.68458,63368.16951257143,9.671875,0.414063,0.277344,0.001953,-0.001953,-0.001953,-40.1875,-20.625,-5.25,0.69928,-0.038208,0.710449,0.068848,35.1758116,-76.8283621
16:32:18,2.648387,86,20.98269,1016.217,-1.228,-24.67053,63369.05162372919,9.710938,0.375,0.199219,-0.025391,-0.007813,0.003906,-41.5,-19.9375,-8.8125,0.699341,-0.03894,0.710327,0.069397,35.1758116,-76.828362
16:32:19,2.658065,87,20.97527,1016.215,-1.241,-24.65648,63367.49370291904,9.671875,0.453125,0.238281,0.001953,-0.001953,-0.001953,-40.5,-20.3125,-4.4375,0.698975,-0.045837,0.709534,0.076416,35.1758116,-76.8283619
16:32:20,2.680645,88,20.9727,1016.218,-1.25,-24.68056,63366.87900488453,9.714844,0.375,0.160156,-0.003906,0,0.001953,-39.375,-21.8125,-4.75,0.698669,-0.051025,0.708984,0.081543,35.1758116,-76.8283619
16:32:21,2.712903,90,20.99155,1016.218,-1.266,-24.68157,63370.940118390026,9.714844,0.453125,0.160156,0.001953,-0.001953,0.001953,-40.1875,-20,-4.4375,0.698486,-0.052063,0.708923,0.082703,35.1758116,-76.8283619
16:32:22,2.719355,90,20.98269,1016.219,-1.282,-24.68859,63369.010950935815,9.671875,0.414063,0.125,0.003906,0.001953,0,-41.5625,-20.25,-4.0625,0.698486,-0.051025,0.709106,0.081726,35.1758116,-76.8283618
16:32:23,2.66129,87,21.00182,1016.218,-1.287,-24.68257,63373.152725058535,9.714844,0.375,0.238281,-0.003906,-0.001953,-0.001953,-40.625,-19.25,-5.25,0.698547,-0.050598,0.709106,0.08136,35.1758116,-76.8283618
16:32:24,2.664516,87,20.99354,1016.221,-1.291,-24.70564,63371.30783999437,9.824219,0.070313,0.046875,-0.324219,-0.021484,-0.027344,-39.75,-21.0625,-4.8125,0.695862,-0.058533,0.709839,0.092163,35.1758116,-76.8283617
16:32:25,2.658065,87,20.99611,1016.221,-1.291,-24.70665,63371.86152973764,9.671875,0.488281,0.277344,0.087891,0,0.003906,-40.5,-20,-4,0.699097,-0.049744,0.708862,0.079468,35.1758115,-76.8283614
16:32:26,2.658065,87,21.00124,1016.223,-1.294,-24.7227,63372.92607962149,9.675781,0.261719,0.007813,0,-0.089844,0.001953,-40.9375,-20.9375,-0.625,0.718811,-0.026672,0.692688,0.052063,35.1758117,-76.8283602
16:32:27,2.664516,87,21.01324,1016.225,-1.325,-24.73574,63375.47072298867,9.597656,0.527344,-0.644531,0.138672,-0.068359,0.007813,-39,-20.0625,2.0625,0.738098,-0.021423,0.672913,0.043823,35.1758125,-76.8283573
16:32:28,2.670968,87,21.01067,1016.225,-1.391,-24.73675,63374.91703395614,9.328125,0.605469,-1.832031,0.126953,-0.074219,0.007813,-38.25,-19.0625,10.25,0.787964,-0.013428,0.615051,0.024414,35.1758133,-76.8283541
16:32:30,2.693548,89,21.00896,1016.24,-1.737,-24.86416,63374.24355806462,7.683594,-0.773438,-6.160156,-0.150391,-0.197266,0.050781,-29.8125,-20.3125,20.1875,0.882324,-0.022827,0.469849,0.012939,35.1758146,-76.8283491
16:32:31,2.66129,87,21.01324,1016.264,-2.07,-25.06581,63374.67754575998,7.027344,0.070313,-6.121094,-0.160156,-0.330078,0.009766,-29.8125,-20.3125,20.1875,0.882324,-0.022827,0.469849,0.012939,35.1758153,-76.8283455
16:32:32,2.658065,87,21.01581,1016.309,-2.507,-25.43399,63374.31606039126,4.539063,0.835938,-7.464844,0.238281,-0.216797,0.019531,-13.0625,-22.25,34.5625,0.969971,-0.009216,0.242676,0.010742,35.1758159,-76.8283425
16:32:33,2.654839,87,21.01694,1016.366,-2.644,-25.90749,63373.4003573017,-0.402344,-1.273438,-12.35938,-0.121094,-0.296875,0.017578,1.5625,-21.8125,39.9375,-0.996765,-0.019226,-0.073975,0.023987,35.175816,-76.8283409
16:32:34,2.7,89,21.00924,1016.406,-2.689,-26.24254,63370.92815045192,-0.363281,2.40625,-10.18359,-0.107422,-0.113281,-0.003906,9,-29.375,34.1875,0.994873,0.053345,-0.003906,0.085938,35.1758162,-76.8283405
16:32:35,2.651613,86,21.0061,1016.419,-2.619,-26.34987,63369.98736410519,-0.402344,2.597656,-10.44922,-0.107422,-0.113281,-0.003906,9,-29.375,34.1875,0.994568,0.05426,-0.004456,0.08844,35.1758164,-76.8283404
16:32:36,2.680645,88,21.00924,1016.42,-2.591,-26.3589,63370.643480217914,-0.441406,2.367188,-10.14063,-0.025391,0.007813,-0.001953,9,-29.375,34.1875,0.991516,0.07373,-0.011047,0.106506,35.1758165,-76.8283401
16:32:41,2.66129,87,21.00809,1016.421,-2.817,-26.36592,63370.37540270683,-0.824219,2.289063,-10.52344,-0.150391,0.011719,0.001953,9.8125,-32.5625,32.5,0.978821,0.154602,-0.001282,0.134155,35.1758212,-76.8283201
16:32:44,2.63871,86,21.00239,1016.432,-2.645,-26.46021,63368.9237929567,-0.289063,4.28125,-10.56641,-0.087891,0.441406,0.128906,2.9375,-33.8125,32,0.977234,0.134216,0.083923,0.141418,35.1758191,-76.8283188
16:32:45,2.66129,87,20.99982,1016.307,-2.71,-25.41694,63370.9118873061,-0.363281,4.359375,-10.36719,-2.121094,-0.365234,-0.429688,2.9375,-33.8125,32,0.521057,-0.440613,0.065735,0.728027,35.1758171,-76.828324
16:32:46,2.645161,86,21.00153,1016.334,-2.956,-25.64265,63370.731233525716,2.890625,9.875,0.773438,-2.121094,-0.365234,-0.429688,-31.375,-31.4375,-10.625,0.564209,-0.451233,-0.244141,0.646912,35.1758181,-76.8283314
16:32:47,2.664516,87,21.00781,1016.341,-2.95,-25.70686,63371.9418225077,2.890625,9.875,0.773438,-0.367188,-0.597656,-0.109375,-27.1875,-34.5,8,0.583252,-0.558899,-0.310181,0.501282,35.175818,-76.8283378
16:32:48,2.664516,87,21.01266,1016.349,-2.892,-25.77206,63372.82399959752,1.167969,10.78906,-3.554688,0.019531,-0.158203,-0.207031,-25.5,-36.75,-1.25,0.54834,-0.496826,-0.385803,0.551025,35.1758175,-76.8283399
16:32:49,2.664516,87,21.02123,1016.359,-2.876,-25.85332,63374.466916162266,-0.363281,10.33984,-1.445313,0.146484,-0.091797,0,-20.3125,-39.1875,-3.8125,0.595703,-0.441833,-0.401428,0.537354,35.175817,-76.8283406
16:32:52,2.596774,84,21.02065,1016.367,-2.781,-25.92153,63374.17927993717,0.09375,8.800781,-3.132813,-0.1875,-0.005859,-0.017578,-21.5625,-38.375,5.0625,0.653809,-0.477783,-0.337341,0.480042,35.1758166,-76.8283415
16:32:53,2.629032,85,21.0275,1016.366,-2.779,-25.90849,63375.67533459104,0.171875,9.640625,-3.667969,-0.0625,-0.029297,0.009766,-21.375,-38.0625,2.875,0.659668,-0.479065,-0.326233,0.478455,35.1758166,-76.828342
16:32:54,2.632258,85,21.0395,1016.367,-2.75,-25.91853,63378.24019926894,0.210938,9.644531,-3.132813,-0.021484,-0.027344,-0.015625,-21.8125,-37,2,0.657532,-0.473694,-0.327881,0.485535,35.1758166,-76.8283425
16:32:55,2.654839,87,21.03351,1016.366,-2.747,-25.9105,63376.97008965817,0.09375,9.601563,-3.4375,-0.007813,0.023438,-0.015625,-21.5,-38,6.3125,0.663147,-0.47644,-0.329163,0.474243,35.1758165,-76.8283427
16:32:56,2.645161,86,21.04749,1016.367,-2.545,-25.92254,63379.96151202549,0.785156,9.679688,-4.050781,0.003906,0.001953,0.017578,-20.8125,-38.0625,5.0625,0.673096,-0.478821,-0.317139,0.465881,35.1758166,-76.8283442
16:32:57,2.677419,88,21.0415,1016.363,-2.267,-25.88442,63378.75241388647,0.554688,9.109375,-5.277344,0.896484,-0.332031,0.003906,-19.375,-37.875,11.125,0.647888,-0.522583,-0.366089,0.416077,35.1758159,-76.8283465
16:32:58,2.651613,86,21.04064,1016.345,-2.265,-25.73595,63378.93320988425,0.632813,8.875,-6.273438,0.642578,-0.359375,-0.025391,-24.375,-31.9375,15.875,0.652161,-0.576172,-0.285522,0.401489,35.175816,-76.8283473
16:33:00,2.7,89,21.04836,1016.335,-2.357,-25.65168,63380.79974767631,1.320313,7.886719,-6.160156,0.003906,0.126953,-0.271484,-26.3125,-29.6875,15.75,0.681641,-0.572388,-0.228638,0.394287,35.1758166,-76.8283471
16:33:04,2.651613,86,21.04121,1016.346,-2.415,-25.74096,63379.0356703757,1.089844,8.570313,-5.125,0.097656,0.013672,0.072266,-25.5625,-33.9375,11.9375,0.695557,-0.529968,-0.227356,0.428467,35.175817,-76.8283469
16:33:06,2.658065,87,21.07832,1016.34,-2.396,-25.69783,63387.15249739772,2.777344,7.199219,-4.742188,-0.089844,0.001953,-0.025391,-27.375,-30.625,9.6875,0.672058,-0.564392,-0.223022,0.424316,35.1758168,-76.8283476
16:33:07,2.648387,86,21.08661,1016.339,-2.462,-25.68278,63388.95879633039,1.054688,8.1875,-5.890625,0.345703,-0.132813,-0.152344,-27.375,-30.625,9.6875,0.672058,-0.564392,-0.223022,0.424316,35.1758168,-76.8283477
16:33:08,2.651613,86,21.08803,1016.344,-2.521,-25.73194,63389.163010799704,1.015625,5.777344,-7.039063,0.345703,-0.132813,-0.152344,-24.75,-29.0625,18.375,0.672058,-0.564392,-0.223022,0.424316,35.1758168,-76.8283474
16:33:09,2.648387,86,21.09431,1016.354,-2.672,-25.8142,63390.31253252031,0.667969,5.625,-7.886719,0.345703,-0.132813,-0.152344,-20.375,-29.0625,21.25,0.753967,-0.546753,-0.205383,0.30072,35.175817,-76.8283473
16:33:12,2.670968,87,21.08232,1016.348,-2.741,-25.76303,63387.85151614266,-0.402344,8.6875,-6.082031,0.005859,0.013672,-0.083984,-16.6875,-35.625,17.6875,0.716614,-0.526428,-0.291992,0.352295,35.1758173,-76.8283485
16:33:15,2.677419,88,21.10573,1016.359,-2.718,-25.85332,63392.671084035566,-0.746094,8.457031,-5.96875,-0.015625,-0.023438,0.033203,-16.6875,-34.1875,19,0.707031,-0.541992,-0.307373,0.334473,35.1758165,-76.8283483
16:33:16,2.66129,87,21.14798,1016.361,-2.701,-25.86536,63401.732479089944,-0.554688,8.003906,-6.3125,0.015625,0.03125,0.076172,-16.9375,-34.5,19.8125,0.703552,-0.549927,-0.302734,0.333008,35.1758161,-76.8283481
16:33:17,2.7,89,21.13657,1016.358,-2.707,-25.84429,63399.33541041259,-0.210938,8.191406,-6.617188,-0.138672,-0.013672,0.029297,-19.3125,-31.9375,18.375,0.684875,-0.573853,-0.291931,0.341125,35.175816,-76.828348
16:33:18,2.641936,86,21.14426,1016.357,-2.715,-25.84028,63401.01244218116,-0.019531,8.382813,-5.851563,-0.058594,-0.013672,0.033203,-19.1875,-33,19.6875,0.671021,-0.580566,-0.298096,0.351929,35.175816,-76.8283481
16:33:19,2.635484,86,21.14227,1016.357,-2.736,-25.83928,63400.58372836677,0.058594,8.730469,-5.699219,-0.039063,-0.068359,0.005859,-20.25,-32.5625,19.5625,0.655823,-0.584229,-0.312866,0.361511,35.175816,-76.8283483
16:33:26,2.641936,86,21.14398,1016.352,-2.929,-25.79614,63401.05384211777,0.09375,8.839844,-4.933594,-0.138672,-0.130859,-0.091797,-20.5,-34.25,14.4375,0.656555,-0.559998,-0.314636,0.395386,35.1758184,-76.8283516
16:33:27,2.635484,86,21.1988,1016.367,-2.96,-25.92153,63412.558737706735,0.25,9.417969,-4.398438,-0.568359,0.105469,0.099609,-19.9375,-37.4375,13.5625,0.609131,-0.554565,-0.382568,0.418396,35.175819,-76.8283524
16:33:28,2.63871,86,21.19622,1016.355,-3.197,-25.8162,63412.24709259504,1.054688,8.152344,1.425781,-1.195313,0.173828,0.193359,-28.375,-31.6875,-17.3125,0.369629,-0.4104,-0.517456,0.653625,35.1758193,-76.8283521
16:33:29,2.693548,89,21.20222,1016.361,-3.231,-25.86536,63413.41760846007,-0.402344,2.980469,8.667969,-0.3125,-0.027344,0.076172,-22.875,-7.375,-49.1875,0.148438,-0.089905,-0.616638,0.767883,35.1758192,-76.8283522
16:33:30,2.706452,89,21.20251,1016.36,-3.201,-25.86235,63413.50043246118,-0.363281,3.210938,8.625,-0.224609,-0.011719,0.056641,-23.1875,-9.75,-46.6875,0.147156,-0.100403,-0.63855,0.748657,35.1758192,-76.8283526
16:33:34,2.651613,86,21.20878,1016.362,-3.083,-25.8784,63414.810505586676,-0.328125,2.828125,9.3125,-0.15625,0.023438,-0.009766,-23.6875,-8.375,-42.0625,0.119019,-0.081055,-0.642822,0.75238,35.1758188,-76.828354
16:33:35,2.658065,87,21.22991,1016.358,-3.046,-25.8483,63419.44402076204,0.363281,1.292969,9.128906,-0.076172,-0.003906,-0.013672,-24,-0.3125,-43.8125,0.048279,-0.031311,-0.632996,0.772034,35.1758188,-76.8283545
16:33:36,2.658065,87,21.22448,1016.358,-2.814,-25.84329,63418.274214096105,-0.097656,-3.800781,9.203125,-1.552734,-0.021484,-0.111328,-23.0625,30.3125,-31.75,-0.17334,0.158386,-0.628479,0.741516,35.1758187,-76.8283542
16:33:37,2.712903,90,21.22477,1016.353,-2.714,-25.80015,63418.438439242454,1.472656,-8.320313,4.300781,-0.248047,0.037109,-0.056641,-26.0625,37.4375,-14.3125,-0.435913,0.263123,-0.55658,0.656555,35.1758185,-76.8283539
16:33:38,2.651613,86,21.22963,1016.356,-2.698,-25.82924,63419.424399553674,1.320313,-9.816406,5.371094,-0.181641,0.0625,-0.042969,-26.0625,37.4375,-14.3125,-0.435913,0.263123,-0.55658,0.656555,35.1758185,-76.8283541
16:33:39,2.658065,87,21.22334,1016.361,-2.688,-25.87238,63417.9675703387,1.628906,-8.511719,3.304688,-1.082031,-0.017578,0.099609,-25.8125,37.6875,-9.8125,-0.480225,0.311157,-0.542908,0.614685,35.1758183,-76.828354
16:33:42,2.632258,85,21.22849,1016.359,-2.649,-25.85031,63419.1177544276,1.246094,-9.277344,2.535156,-0.041016,-0.009766,-0.017578,-22.625,38.6875,-10.0625,-0.468384,0.384949,-0.582031,0.541931,35.1758182,-76.8283544
16:33:43,2.703226,89,21.23163,1016.36,-2.613,-25.86436,63419.7738667614,1.398438,-8.585938,3.648438,0.039063,-0.001953,-0.056641,-23.9375,36.375,-15.5,-0.429321,0.348816,-0.613953,0.56311,35.1758181,-76.8283545
16:33:46,2.693548,89,21.23619,1016.361,-2.529,-25.86736,63420.73589468247,2.394531,-6.980469,2.460938,0.042969,0.027344,-0.089844,-27.125,35.125,-9.25,-0.499573,0.36145,-0.601318,0.508118,35.1758176,-76.828354
16:33:47,2.658065,87,21.23734,1016.349,-2.563,-25.76805,63421.227852405456,1.855469,-9.3125,1.769531,0.046875,0.068359,0.091797,-24.8125,37.625,-6.25,-0.513855,0.374268,-0.565247,0.525696,35.1758172,-76.8283543
16:33:48,2.648387,86,21.23619,1016.356,-2.656,-25.83025,63420.83764755614,1.628906,-8.824219,2.613281,0.105469,0.007813,0.015625,-25.9375,38,-10.9375,-0.479797,0.362366,-0.586304,0.542908,35.1758168,-76.8283546
16:33:49,2.716129,90,21.23191,1016.366,-2.719,-25.90849,63419.71208721537,0.976563,-8.246094,3.800781,0.636719,-0.039063,-0.007813,-22.875,37.3125,-16,-0.414856,0.333923,-0.59967,0.59729,35.1758165,-76.8283546
16:33:50,2.629032,85,21.23419,1016.366,-2.65,-25.90649,63420.20327549376,0.402344,-9.550781,0.390625,-1.9375,0.216797,-0.203125,-22.4375,40.5,-1.625,-0.516602,0.463928,-0.523438,0.493835,35.1758165,-76.8283544
16:33:51,2.66129,87,21.22049,1016.355,-2.482,-25.81821,63417.475681013595,-0.402344,-5.292969,-8.457031,0.220703,-0.060547,-0.054688,-20.75,24.3125,33,-0.704468,0.628662,-0.235962,0.229858,35.1758168,-76.828354
16:33:52,2.63871,86,21.22934,1016.355,-2.44,-25.82122,63419.38227382382,1.4375,-4.488281,-7.886719,-0.015625,0.003906,-0.015625,-25.125,19.125,30.375,-0.723877,0.629333,-0.239929,0.149536,35.1758167,-76.8283537
16:33:56,2.654839,87,21.23048,1016.354,-2.594,-25.80818,63419.64821910522,1.78125,-5.066406,-7.847656,0.396484,0.066406,0.021484,-23.875,19.5,33.875,-0.682861,0.673828,-0.243347,0.142883,35.1758165,-76.8283529
16:33:59,2.648387,86,21.22677,1016.351,-2.685,-25.78711,63418.91000810756,1.207031,-5.410156,-7.691406,0.078125,0.023438,0.021484,-23.25,20.9375,31.75,-0.706543,0.640442,-0.249023,0.169189,35.1758167,-76.828351
16:34:00,2.66129,87,21.21906,1016.353,-2.72,-25.80617,63417.20830908053,1.589844,-5.257813,-7.230469,-0.023438,0.021484,0.011719,-24.625,20.25,32.125,-0.717651,0.622803,-0.261902,0.168823,35.1758167,-76.8283506
16:34:03,2.670968,87,21.23077,1016.354,-2.862,-25.80918,63419.71069504786,1.703125,-6.832031,-5.890625,1.044922,0.181641,-0.039063,-26.4375,26.5625,26.3125,-0.7005,0.5849,-0.330994,0.240112,35.1758176,-76.8283489
16:34:04,2.651613,86,21.2242,1016.355,-3.081,-25.82122,63418.274941954376,0.746094,-8.089844,-2.980469,0.732422,-0.3125,0.152344,-24.0625,36.0625,16.5,-0.650269,0.513,-0.408264,0.383789,35.1758177,-76.8283482
16:34:05,2.648387,86,21.21764,1016.376,-3.103,-25.99577,63416.434361861306,-0.132813,-8.820313,-1.253906,0.896484,-0.324219,0.267578,-24.0625,36.0625,16.5,-0.650269,0.513,-0.408264,0.383789,35.1758178,-76.8283479
16:34:06,2.670968,87,21.22105,1016.373,-3.101,-25.97169,63417.23003502754,-0.171875,-8.664063,-1.5625,0.896484,-0.324219,0.267578,-24.0625,36.0625,16.5,-0.650269,0.513,-0.408264,0.383789,35.175818,-76.8283479
16:34:08,2.716129,90,21.22105,1016.379,-3.066,-26.01683,63417.107940361064,-0.488281,-9.769531,-1.546875,0.003906,-0.058594,0.050781,-18,41.75,12.1875,-0.577087,0.511658,-0.389282,0.503601,35.1758183,-76.8283475
16:34:13,2.63871,86,21.19679,1016.375,-2.986,-25.98975,63411.96293617473,-0.222656,-9.699219,-1.164063,0.052734,0.011719,0.009766,-18,42.875,9.1875,-0.559265,0.502502,-0.416931,0.510803,35.175818,-76.8283475
16:34:15,2.658065,87,21.19679,1016.379,-3.006,-26.02185,63411.881546533856,-0.714844,-9.929688,-0.707031,-0.005859,0.017578,0.009766,-16.375,43.375,4.4375,-0.519287,0.512329,-0.436646,0.526489,35.1758178,-76.8283472
16:34:16,2.66129,87,21.20535,1016.383,-3.003,-26.05194,63413.64425759325,-0.792969,-9.820313,-0.707031,0.035156,-0.013672,0.013672,-16.3125,42.625,1.875,-0.510925,0.519165,-0.443298,0.5224,35.1758177,-76.828347
16:34:17,2.645161,86,21.20079,1016.386,-3.011,-26.07301,63412.60084387121,-1.023438,-9.929688,-0.441406,0.033203,0.007813,0.070313,-14.3125,43.5625,2.75,-0.479614,0.537964,-0.455566,0.522522,35.1758176,-76.828347
16:34:18,2.645161,86,21.19708,1016.388,-2.974,-26.09608,63411.76089649685,-1.75,-10.43359,-0.363281,0.052734,-0.011719,0.005859,-13.25,44.625,3.125,-0.481201,0.536682,-0.441223,0.534607,35.1758175,-76.8283466
16:34:20,2.664516,87,21.20593,1016.389,-2.975,-26.1031,63413.64712135029,-1.480469,-10.12891,-0.132813,0.150391,-0.007813,0.085938,-12.9375,45.5625,3.125,-0.481445,0.536743,-0.427002,0.545715,35.1758174,-76.8283461
16:34:21,2.651613,86,21.19023,1016.394,-2.983,-26.14122,63410.16310800569,-1.289063,-9.324219,-0.632813,0.134766,-0.001953,0.078125,-12.9375,45.5625,3.125,-0.481445,0.536743,-0.427002,0.545715,35.1758174,-76.8283458
16:34:24,2.648387,86,21.1888,1016.395,-2.776,-26.14724,63409.83469449137,-1.480469,-11.23828,-0.824219,-0.039063,0.015625,0.001953,-13.9375,44.5625,9.1875,-0.523865,0.549011,-0.388062,0.523071,35.1758168,-76.8283446
16:34:25,2.641936,86,21.18366,1016.386,-2.737,-26.07802,63408.91049246275,-0.253906,-9.515625,-1.78125,-0.148438,0.083984,-0.017578,-19.5,40.875,12.5625,-0.577881,0.531006,-0.407776,0.466736,35.1758166,-76.8283437
16:34:26,2.651613,86,21.17738,1016.385,-2.74,-26.06498,63407.57792491098,-0.832031,-9.742188,-2.625,-0.023438,-0.003906,0.085938,-17.1875,39.6875,12.5,-0.587708,0.51593,-0.381042,0.493103,35.1758169,-76.8283423
16:34:27,2.674194,88,21.16597,1016.383,-2.723,-26.05495,63405.160534396564,-0.90625,-9.207031,-0.824219,0.763672,-0.017578,-0.003906,-18.6875,40.8125,10.5,-0.599121,0.470215,-0.395386,0.513367,35.1758163,-76.8283421
16:34:28,2.632258,85,21.16625,1016.376,-2.765,-25.98975,63405.36327211157,-0.253906,-5.453125,7.484375,0.939453,-0.142578,0.078125,-21.125,25.375,-35,-0.201477,0.121765,-0.598572,0.765686,35.1758163,-76.8283422
16:34:29,2.664516,87,21.16339,1016.379,-2.76,-26.01683,63404.68609913775,-0.5625,-2.351563,9.753906,0,-0.033203,-0.099609,-17.6875,15.3125,-41.75,-0.069153,0.08667,-0.613403,0.781982,35.1758163,-76.8283424
16:34:32,2.7,89,21.16254,1016.379,-2.751,-26.01984,63404.50298146449,-1.367188,-4.226563,9.015625,-0.023438,-0.009766,-0.041016,-15.5,22.8125,-36.75,-0.120178,0.174561,-0.606506,0.766296,35.175816,-76.8283427
16:34:33,2.703226,89,21.15683,1016.389,-2.689,-26.09909,63403.06941675415,-1.40625,-4.535156,9.097656,0.015625,-0.041016,-0.011719,-15.875,24.9375,-37.0625,-0.142639,0.192444,-0.600769,0.762695,35.1758159,-76.8283423
16:34:34,2.667742,87,21.15768,1016.384,-2.631,-26.06298,63403.35425624141,-0.75,-4.632813,8.792969,-0.09375,-0.052734,0.021484,-17.875,23.625,-35.8125,-0.153137,0.170105,-0.591125,0.773438,35.175816,-76.828342
16:34:35,2.683871,88,21.14854,1016.382,-2.595,-26.04091,63401.4258936954,-0.597656,-4.554688,8.832031,0.056641,-0.060547,0.013672,-18.25,24.3125,-35.375,-0.159363,0.16925,-0.582886,0.778625,35.1758161,-76.8283418
16:34:37,2.712903,90,21.15654,1016.385,-2.436,-26.06599,63403.08831907155,-0.40625,-5.4375,7.984375,-0.84375,-0.166016,0.076172,-20.375,26.5625,-33.6875,-0.210815,0.174744,-0.584534,0.763794,35.1758159,-76.8283414
16:34:38,2.712903,90,21.16054,1016.376,-2.49,-25.99276,63404.13315102828,1.125,-8.238281,-5.191406,-0.259766,-0.322266,-0.144531,-23.125,27.625,31.0625,-0.756531,0.438782,-0.291077,0.387878,35.1758158,-76.8283411
16:34:39,2.651613,86,21.15141,1016.379,-2.53,-26.01784,63402.10521710766,0.28125,-9.148438,-6.074219,0.458984,-0.195313,-0.087891,-15.5,25.9375,34,-0.792969,0.388123,-0.221191,0.414307,35.1758156,-76.8283406
16:34:40,2.651613,86,21.15283,1016.384,-2.537,-26.05897,63402.3094100174,-0.140625,-9.003906,-4.65625,0.232422,-0.201172,-0.148438,-10.6875,26.5,34.875,-0.806641,0.319885,-0.177246,0.464355,35.1758154,-76.828341
16:34:43,2.674194,88,21.13856,1016.383,-2.652,-26.05495,63399.2555355946,-0.101563,-8.84375,-4.15625,-0.080078,-0.001953,0.021484,-10.3125,28.625,35.25,-0.811157,0.261353,-0.156494,0.499268,35.1758156,-76.8283416
16:34:45,2.729032,91,21.14513,1016.393,-2.73,-26.13119,63400.46748990551,-0.601563,-8.789063,-4.867188,-0.052734,0.011719,0.037109,-8.8125,20.375,36.8125,-0.824341,0.271606,-0.133728,0.478333,35.1758156,-76.8283413
16:34:46,2.667742,87,21.12771,1016.394,-2.724,-26.14122,63396.69432938337,-0.105469,-9.980469,-5.789063,-0.109375,-0.080078,0.044922,-8.375,17.875,38.75,-0.826172,0.279175,-0.121582,0.473999,35.1758155,-76.8283413
16:34:47,2.658065,87,21.13284,1016.395,-2.707,-26.15326,63397.77915050768,-0.488281,-8.328125,-5.175781,-0.089844,-0.033203,0.003906,-8.375,17.875,38.75,-0.826172,0.279175,-0.121582,0.473999,35.1758158,-76.8283413
16:34:48,2.703226,89,21.12942,1016.393,-2.671,-26.13621,63397.08305964238,-0.566406,-8.484375,-5.21875,-0.052734,-0.013672,0.001953,-8.0625,18.625,40.5625,-0.834717,0.242249,-0.104919,0.483276,35.1758158,-76.8283411
16:34:49,2.641936,86,21.132,1016.395,-2.67,-26.14925,63397.59818808906,-0.566406,-8.449219,-5.21875,-0.052734,-0.011719,0.001953,-8.0625,18.25,40.0625,-0.84259,0.226563,-0.093567,0.479492,35.1758157,-76.8283414
16:34:50,2.654839,87,21.122,1016.393,-2.6,-26.1332,63395.48455725202,-0.488281,-8.40625,-5.105469,-0.052734,-0.011719,0.001953,-8.0625,18.25,40.0625,-0.845642,0.217957,-0.089722,0.478943,35.1758156,-76.8283413
16:34:51,2.690323,88,21.12343,1016.396,-2.552,-26.16329,63395.73159865783,-0.527344,-8.339844,-5.105469,-0.009766,0.015625,0.005859,-8,17.125,38.75,-0.847656,0.212891,-0.085632,0.478333,35.1758156,-76.8283411
16:34:52,2.696774,89,21.12457,1016.397,-2.514,-26.16429,63395.956848479575,-0.453125,-8.339844,-5.066406,-0.005859,0.009766,-0.009766,-8.375,17.5,39.625,-0.848694,0.209961,-0.086548,0.477722,35.1758156,-76.8283408
16:34:53,2.654839,87,21.13171,1016.395,-2.536,-26.15226,63397.53571296835,-0.757813,-8.601563,-4.992188,0.037109,0.007813,0.037109,-8.375,17.125,38.75,-0.846558,0.207275,-0.082458,0.483276,35.1758156,-76.8283409
16:34:54,2.654839,87,21.12086,1016.395,-2.55,-26.15025,63395.19828172776,-0.644531,-8.296875,-5.640625,0.033203,-0.017578,-0.025391,-7.25,15.75,41.8125,-0.857361,0.201111,-0.074524,0.467896,35.1758154,-76.8283409
16:34:55,2.7,89,21.12228,1016.398,-2.571,-26.17433,63395.44316900277,-0.527344,-8.257813,-5.375,0.023438,0.033203,0.015625,-8,16.875,40.0625,-0.856873,0.199402,-0.076477,0.469238,35.1758151,-76.8283412
16:34:56,2.651613,86,21.11201,1016.398,-2.521,-26.17332,63393.230690133394,-0.566406,-8.445313,-5.296875,0.005859,0.03125,0.011719,-7.0625,17.125,38.75,-0.851135,0.201111,-0.074829,0.479065,35.1758147,-76.8283414
16:34:57,2.651613,86,21.10686,1016.399,-2.467,-26.18737,63392.10087854858,-0.644531,-8.375,-5.21875,-0.298828,-0.001953,-0.041016,-7.3125,17.125,37.5625,-0.86145,0.198425,-0.073608,0.46167,35.1758151,-76.8283408
16:34:58,2.651613,86,21.10458,1016.399,-2.319,-26.18135,63391.609695471314,-0.261719,-8.40625,-5.527344,-0.25,-0.007813,-0.048828,-14.5,28.875,35.875,-0.862244,0.239319,-0.116394,0.430969,35.1758144,-76.82834
16:35:00,2.703226,89,21.11458,1016.389,-2.298,-26.10511,63393.96742043671,2.113281,-6.878906,-7.519531,-0.318359,-0.029297,-0.144531,-17.125,26.875,36.375,-0.847961,0.311401,-0.164978,0.395996,35.1758142,-76.8283397
16:35:01,2.693548,89,21.12,1016.397,-2.284,-26.16429,63394.97232738148,-0.144531,-8.335938,-6.753906,0.185547,-0.109375,0.066406,-16.75,29.3125,34.6875,-0.806091,0.350952,-0.194153,0.435181,35.1758148,-76.8283394
16:35:02,2.641936,86,21.11172,1016.39,-2.186,-26.11313,63393.33094406959,0.199219,-8.605469,-6.292969,1.001953,-0.1875,-0.144531,-16.8125,32.125,30.375,-0.78595,0.345093,-0.223755,0.46167,35.1758153,-76.8283386
16:35:03,2.651613,86,21.10658,1016.385,-2.31,-26.069,63392.32532925684,1.464844,-8.949219,-1.390625,0.570313,0.533203,0.042969,-19.9375,32.6875,25,-0.757935,0.338867,-0.296021,0.472351,35.1758157,-76.8283384
16:35:06,2.690323,88,21.11143,1016.386,-2.308,-26.07301,63393.34983383856,0.238281,-9.027344,-5.183594,0.074219,-0.046875,0.087891,-19.75,29.6875,36.1875,-0.776489,0.347351,-0.223938,0.475586,35.1758165,-76.8283376
16:35:07,2.654839,87,21.128,1016.392,-2.205,-26.12417,63396.79748907171,0.007813,-8.867188,-4.761719,0.021484,0.029297,0.015625,-19.375,28.25,35.75,-0.787292,0.330872,-0.206421,0.477539,35.1758163,-76.8283371
16:35:09,2.648387,86,21.11972,1016.394,-2.013,-26.14223,63394.97303153962,-0.070313,-8.796875,-4.683594,0.035156,0.007813,0.003906,-19.8125,27.875,33.9375,-0.780884,0.351868,-0.209778,0.471558,35.1758155,-76.8283366
16:35:10,2.654839,87,21.122,1016.395,-1.958,-26.15226,63395.443873581615,-0.414063,-9.144531,5.464844,1.341797,0.056641,-0.105469,-19.375,41.625,-4.6875,-0.461487,0.217834,-0.352234,0.784485,35.1758154,-76.8283363
16:35:11,2.658065,87,21.11515,1016.389,-1.873,-26.1021,63394.09021660004,1.273438,6.679688,7.226563,0.785156,-0.041016,-0.134766,-19.375,41.625,-4.6875,-0.461487,0.217834,-0.352234,0.784485,35.1758151,-76.8283364
16:35:12,2.641936,86,21.11515,1016.391,-1.843,-26.12116,63394.049533686084,-0.597656,6.316406,7.160156,0.019531,-0.015625,-0.015625,-14.25,-16.8125,-41.75,0.340332,-0.131042,-0.385376,0.847656,35.1758152,-76.8283365
16:35:13,2.654839,87,21.12629,1016.394,-1.817,-26.14323,63396.38841662515,-0.519531,6.203125,7.464844,-0.125,0.009766,-0.025391,-13.125,-14.625,-39.5625,0.306702,-0.113647,-0.405945,0.853333,35.1758151,-76.828337
16:35:14,2.674194,88,21.12428,1016.392,-1.795,-26.12818,63395.99608330349,-0.75,4.59375,7.769531,-0.369141,0.052734,0.007813,-12.375,-11.625,-39.5625,0.27179,-0.09259,-0.416687,0.862488,35.175815,-76.8283373
16:35:15,2.658065,87,21.11372,1016.394,-1.759,-26.14524,63393.68044242039,-0.675781,1.492188,9.605469,-0.314453,0.070313,0.003906,-14.625,4.9375,-43.3125,0.095276,-0.006714,-0.431091,0.897278,35.1758149,-76.8283376
16:35:18,2.654839,87,21.11315,1016.397,-1.664,-26.1663,63393.4966228909,-0.707031,-3.332031,9.285156,-0.017578,-0.007813,0.015625,-13.5,23.75,-35.125,-0.129272,0.1073,-0.435547,0.884338,35.175815,-76.8283379
16:35:19,2.664516,87,21.14398,1016.4,-1.572,-26.19439,63400.077340512864,-0.707031,-3.449219,9.351563,0,0,0.005859,-13.5,23.75,-35.125,-0.131592,0.107483,-0.434387,0.884583,35.1758148,-76.8283376
16:35:20,2.664516,87,21.13485,1016.401,-1.489,-26.20241,63398.09011195453,-0.78125,-3.21875,9.394531,-0.011719,0.005859,0,-13.3125,24.75,-36.375,-0.126526,0.10675,-0.431274,0.886902,35.1758143,-76.8283374
16:35:22,2.658065,87,21.14056,1016.402,-1.193,-26.20743,63399.2998802305,-0.78125,-3.105469,9.429688,-0.009766,0.011719,0,-12.3125,25.4375,-39.25,-0.120056,0.106689,-0.434753,0.886108,35.1758138,-76.828335
16:35:24,2.654839,87,21.14455,1016.402,-0.97,-26.21044,63400.159449788305,-0.746094,-2.949219,9.351563,-0.021484,0.025391,0.021484,-12.625,23.375,-36.375,-0.123047,0.103149,-0.427856,0.889465,35.1758136,-76.8283331
16:35:25,2.674194,88,21.14684,1016.402,-0.922,-26.20843,63400.65278670243,-0.707031,-3.027344,9.316406,0.023438,0.003906,-0.009766,-13.3125,24.375,-37.25,-0.120789,0.101624,-0.429199,0.889343,35.1758135,-76.828333
16:35:28,2.641936,86,21.1457,1016.403,-0.849,-26.21545,63400.3868521292,-0.628906,-2.914063,9.390625,0.009766,-0.009766,0.013672,-13.3125,23,-38.0625,-0.115234,0.096985,-0.44812,0.881226,35.1758132,-76.8283327
16:35:29,2.654839,87,21.15626,1016.404,-0.828,-26.22448,63402.64145843219,-0.707031,-2.914063,9.628906,-0.005859,-0.001953,-0.009766,-13.375,24.0625,-39.8125,-0.112976,0.097839,-0.447937,0.88147,35.1758133,-76.828332
16:35:30,2.651613,86,21.15141,1016.403,-0.819,-26.22047,63401.6169625553,-0.628906,-2.835938,9.472656,0.011719,0.001953,0.005859,-13.8125,23.625,-40.9375,-0.113708,0.095215,-0.447449,0.881958,35.1758135,-76.8283312
16:35:32,2.696774,89,21.15369,1016.403,-0.755,-26.21746,63402.10814500215,-0.398438,-2.722656,9.390625,0.072266,-0.027344,0.001953,-14.4375,24.3125,-38.375,-0.117004,0.092102,-0.450378,0.880371,35.1758134,-76.8283301
16:35:33,2.667742,87,21.16567,1016.401,-0.74,-26.20241,63404.72969648376,-0.515625,-2.683594,9.351563,-0.021484,-0.007813,0.007813,-13.375,22.5625,-38.8125,-0.111206,0.088867,-0.44989,0.881653,35.1758131,-76.8283297
16:35:34,2.664516,87,21.1694,1016.402,-0.759,-26.20943,63405.512909314915,-0.554688,-2.835938,9.3125,-0.021484,-0.007813,0.007813,-13.8125,24.25,-41.375,-0.108398,0.088135,-0.452148,0.88092,35.175813,-76.8283297
16:35:35,2.654839,87,21.16111,1016.404,-0.772,-26.22448,63403.686297950975,-0.515625,-2.722656,9.285156,-0.021484,-0.007813,0.007813,-14.3125,21.1875,-38.375,-0.104187,0.085266,-0.452881,0.881348,35.1758128,-76.8283298
16:35:36,2.66129,87,21.14854,1016.403,-0.783,-26.21345,63400.99867587879,-0.511719,-2.183594,9.457031,0.009766,-0.003906,-0.013672,-15.4375,20.375,-40.5625,-0.087769,0.078552,-0.463013,0.878479,35.1758125,-76.82833
16:35:37,2.658065,87,21.15968,1016.403,-0.828,-26.21545,63403.39857607961,-0.472656,-2.070313,9.453125,0.033203,-0.015625,-0.003906,-14.0625,20.75,-40.0625,-0.078369,0.072327,-0.465942,0.878357,35.1758123,-76.8283302
16:35:38,2.635484,86,21.16625,1016.406,-0.831,-26.23853,63404.75292314613,-0.433594,-1.648438,9.800781,0.035156,0.001953,-0.009766,-14.75,19.3125,-41.375,-0.063171,0.06427,-0.472839,0.876526,35.1758122,-76.8283305
16:35:42,2.648387,86,21.15797,1016.402,-0.734,-26.20642,63403.05053336363,-0.433594,-1.378906,9.570313,0.123047,-0.027344,-0.001953,-14.6875,17.9375,-41,-0.047363,0.053284,-0.454102,0.888123,35.1758119,-76.8283287
16:35:43,2.648387,86,21.17196,1016.402,-0.751,-26.21044,63406.06441259009,-0.359375,5.4375,7.621094,0.011719,0.039063,-0.011719,-17.8125,-14.5625,-41,0.279541,-0.124329,-0.446045,0.841125,35.175812,-76.8283285
16:35:44,2.648387,86,21.17396,1016.404,-0.743,-26.22348,63406.45458409868,-1.007813,6.207031,7.3125,-0.144531,0.052734,0.033203,-15.5,-15,-42.3125,0.294861,-0.108337,-0.44635,0.837891,35.1758117,-76.8283291
16:35:45,2.664516,87,21.16625,1016.405,-0.715,-26.2315,63404.773267766184,-0.855469,5.4375,7.65625,-0.144531,0.052734,0.033203,-15.125,-12.1875,-39.6875,0.274353,-0.105774,-0.457092,0.839417,35.1758115,-76.8283296
16:35:46,2.664516,87,21.17081,1016.406,-0.686,-26.24655,63405.735287094205,-0.855469,5.4375,7.65625,-0.048828,0.007813,-0.001953,-15.125,-12.1875,-39.6875,0.254822,-0.098999,-0.471802,0.838257,35.1758111,-76.82833
16:35:47,2.667742,87,21.17796,1016.409,-0.65,-26.26762,63407.21458038474,-0.742188,5.285156,7.96875,-0.035156,0.017578,0.007813,-16.1875,-13.3125,-41.4375,0.265076,-0.104492,-0.476807,0.831543,35.1758108,-76.8283305
16:35:48,2.677419,88,21.18166,1016.41,-0.593,-26.27765,63407.991327581854,-0.933594,5.207031,7.703125,-0.035156,0.017578,0.007813,-15.875,-13.625,-42.6875,0.275269,-0.107239,-0.478333,0.826965,35.1758105,-76.8283312
16:35:51,2.664516,87,21.17796,1016.408,-0.548,-26.25959,63407.23492574278,-1.011719,5.015625,8.167969,0.009766,-0.003906,0.003906,-16.125,-12.3125,-41.875,0.26416,-0.093506,-0.481812,0.830261,35.1758099,-76.8283316
16:35:52,2.648387,86,21.18766,1016.408,-0.527,-26.26059,63409.3246020983,-1.050781,5.398438,8.3125,0.041016,-0.007813,-0.001953,-14.75,-13.75,-43.625,0.267822,-0.091064,-0.477905,0.831604,35.1758098,-76.8283317
16:35:53,2.629032,85,21.18452,1016.413,-0.494,-26.29871,63408.54642134547,-0.972656,5.128906,8.007813,-0.005859,-0.007813,-0.005859,-14.0625,-13.4375,-42.75,0.267151,-0.091064,-0.476807,0.832458,35.1758097,-76.8283315
16:35:54,2.654839,87,21.18737,1016.412,-0.456,-26.28968,63409.18074334715,-0.972656,5.128906,8.007813,0.025391,-0.003906,0.007813,-15.4375,-12.25,-44,0.266846,-0.089233,-0.472961,0.834961,35.1758096,-76.8283315
16:35:55,2.667742,87,21.18452,1016.412,-0.44,-26.29069,63408.56676706165,-0.933594,5.128906,8.089844,-0.011719,-0.001953,-0.003906,-15.375,-12.25,-41.375,0.262268,-0.090149,-0.476196,0.834473,35.1758095,-76.8283318
16:35:56,2.709677,89,21.17995,1016.413,-0.41,-26.29771,63407.5619053018,-0.933594,4.9375,8.046875,0.017578,-0.001953,-0.003906,-15.375,-11.5,-41.375,0.261902,-0.091187,-0.480347,0.832031,35.1758093,-76.828332
16:35:57,2.645161,86,21.17881,1016.413,-0.414,-26.30072,63407.316314866395,-1.011719,5.167969,8.238281,-0.029297,0.003906,0.003906,-15,-12.9375,-41,0.259033,-0.089539,-0.486938,0.829285,35.1758092,-76.8283323
16:35:59,2.63871,86,21.18766,1016.414,-0.4,-26.30774,63409.20252628445,-1.050781,5.167969,8.089844,-0.007813,-0.015625,-0.013672,-15.0625,-11.5625,-44.375,0.260559,-0.087524,-0.487,0.828979,35.1758089,-76.8283327
16:36:01,2.641936,86,21.19195,1016.416,-0.291,-26.3268,63410.08602923334,-1.050781,4.785156,8.011719,-0.011719,-0.037109,0.025391,-15.75,-12.625,-43.5625,0.258911,-0.089355,-0.498657,0.822388,35.1758085,-76.8283337
16:36:02,2.635484,86,21.20878,1016.416,-0.317,-26.3258,63413.71171611851,-1.085938,4.9375,7.824219,0.013672,-0.029297,-0.019531,-16.125,-13,-44.875,0.257446,-0.087708,-0.499146,0.822693,35.1758084,-76.8283341
16:36:03,2.674194,88,21.21449,1016.419,-0.286,-26.34887,63414.88077840735,-1.242188,5.054688,8.085938,0.029297,-0.001953,-0.021484,-16.125,-13,-44.875,0.257446,-0.087708,-0.499146,0.822693,35.1758083,-76.8283346
16:36:04,2.664516,87,21.21136,1016.418,-0.292,-26.34586,63414.22683058772,-1.203125,4.976563,8.167969,0.017578,-0.003906,0.005859,-15.375,-12.5625,-43.0625,0.263794,-0.084167,-0.504944,0.817566,35.1758082,-76.8283351
16:36:05,2.645161,86,21.21649,1016.42,-0.279,-26.35689,63415.291290231566,-1.316406,4.976563,7.929688,0.035156,0.007813,-0.003906,-16.125,-13.9375,-42.8125,0.263489,-0.081909,-0.5047,0.817993,35.1758083,-76.8283355
16:36:06,2.63871,86,21.20908,1016.419,-0.282,-26.35087,63413.71530323399,-1.355469,4.746094,8.050781,-0.009766,-0.001953,0.011719,-15.125,-12.9375,-43.0625,0.257874,-0.076721,-0.504578,0.820374,35.1758084,-76.8283357
16:36:07,2.625807,85,21.21964,1016.422,-0.258,-26.37194,63415.92919797523,-1.355469,4.746094,8.203125,-0.011719,0,0.013672,-14.0625,-11.125,-44.375,0.260254,-0.070679,-0.499023,0.823547,35.1758084,-76.828336
16:36:08,2.619355,85,21.2242,1016.422,-0.221,-26.37796,63416.91155687997,-1.355469,4.671875,8.234375,0.005859,0.023438,-0.001953,-13.75,-11.125,-44.375,0.257996,-0.0672,-0.502258,0.822571,35.1758083,-76.8283365
16:36:14,2.616129,85,21.22334,1016.425,-0.066,-26.40304,63416.665243024974,-1.585938,4.875,8.21875,-0.023438,0.001953,0.005859,-15.125,-12.1875,-42.6875,0.265198,-0.073669,-0.507141,0.816711,35.1758078,-76.8283379
16:36:15,2.645161,86,21.21621,1016.425,-0.048,-26.40103,63415.12923156693,-1.355469,4.875,8.105469,-0.035156,0.019531,0.013672,-14,-12.1875,-42.25,0.264465,-0.072205,-0.505615,0.818054,35.1758078,-76.8283382
16:36:16,2.63871,86,21.22192,1016.425,-0.056,-26.39802,63416.35933330963,-1.472656,4.914063,8.261719,-0.027344,-0.015625,0.007813,-14,-12.1875,-42.25,0.264465,-0.072205,-0.505615,0.818054,35.1758077,-76.8283385
16:36:17,2.629032,85,21.21621,1016.426,-0.048,-26.40504,63415.108883969944,-1.472656,4.722656,8.144531,0.019531,-0.001953,0.005859,-15.75,-11.8125,-43.125,0.25885,-0.069824,-0.505859,0.819885,35.1758077,-76.8283386
16:36:23,2.683871,88,21.24675,1016.429,0.029,-26.43714,63421.62704605161,-1.394531,4.683594,8.257813,0.007813,0.013672,0.007813,-14.8125,-11.875,-44.8125,0.252808,-0.06366,-0.4953,0.828674,35.1758074,-76.8283403
16:36:24,2.612903,84,21.23562,1016.43,0.052,-26.43915,63419.208971319575,-1.394531,4.683594,8.375,-0.011719,-0.003906,-0.009766,-14.8125,-11.875,-44.8125,0.252808,-0.06366,-0.4953,0.828674,35.1758073,-76.8283405
16:36:25,2.674194,88,21.23391,1016.427,0.077,-26.41608,63418.90163392281,-1.472656,4.570313,8.335938,0.080078,-0.041016,0.013672,-14.0625,-10.8125,-43.9375,0.248596,-0.064819,-0.499573,0.827332,35.1758072,-76.8283408
16:36:27,2.632258,85,21.24161,1016.431,0.164,-26.44818,63420.47904198403,-1.355469,4.457031,8.414063,0.044922,0.013672,0.005859,-15.0625,-10.75,-41.8125,0.244202,-0.06012,-0.502686,0.827087,35.1758072,-76.8283415
16:36:28,2.677419,88,21.23762,1016.43,0.172,-26.44115,63419.63982938235,-1.394531,4.378906,8.417969,0.015625,0.011719,0.005859,-14.8125,-11.125,-44,0.239746,-0.059631,-0.502869,0.828308,35.1758073,-76.8283415
16:36:29,2.635484,86,21.2379,1016.427,0.193,-26.41908,63419.76119658546,-1.394531,4.492188,8.375,0.015625,0.011719,0.005859,-14.8125,-11.125,-44,0.239868,-0.059631,-0.502991,0.828186,35.1758072,-76.8283415
16:36:31,2.680645,88,21.2496,1016.428,0.219,-26.4251,63422.261368821586,-1.355469,4.148438,8.566406,-0.03125,0,0.005859,-13.75,-8.6875,-45.1875,0.234192,-0.054321,-0.500122,0.831909,35.1758073,-76.8283417
16:36:32,2.622581,85,21.25731,1016.432,0.214,-26.4572,63423.840926396624,-1.355469,4.300781,8.484375,-0.03125,0,0.005859,-13.75,-8.6875,-45.1875,0.234741,-0.054504,-0.5,0.831848,35.1758073,-76.8283418
16:36:33,2.625807,85,21.25018,1016.435,0.245,-26.48328,63422.243869125145,-1.433594,4.300781,8.414063,0.03125,-0.005859,-0.003906,-14.0625,-8.625,-43.5,0.237183,-0.055664,-0.500854,0.830505,35.1758073,-76.8283419
16:36:34,2.622581,85,21.26645,1016.437,0.264,-26.49733,63425.70819220368,-1.320313,4.378906,8.414063,-0.003906,-0.013672,-0.003906,-13.75,-8.625,-44.8125,0.238892,-0.055115,-0.500854,0.830078,35.1758073,-76.8283421
16:36:40,2.641936,86,21.25731,1016.436,0.209,-26.49331,63423.75952545508,-1.394531,4.339844,8.457031,-0.035156,0.007813,0.009766,-14.1875,-9.4375,-49.125,0.240723,-0.051392,-0.486938,0.838013,35.1758082,-76.8283433
16:36:41,2.629032,85,21.26131,1016.438,0.226,-26.51137,63424.580539040915,-1.355469,4.417969,8.414063,0.011719,-0.011719,0.003906,-14.4375,-8.625,-43.9375,0.240173,-0.054138,-0.486938,0.838013,35.1758084,-76.8283436
16:36:42,2.63871,86,21.25674,1016.436,0.233,-26.49231,63423.63673114358,-1.433594,4.339844,8.484375,0,0.001953,-0.005859,-13.75,-9,-43.5,0.239929,-0.054199,-0.490112,0.836243,35.1758084,-76.8283439
16:36:51,2.616129,85,21.28643,1016.435,0.527,-26.4873,63430.05315898447,-1.703125,1.925781,9.222656,0.019531,0.042969,-0.132813,-13.875,5.8125,-45.375,0.091614,0.030823,-0.48938,0.866699,35.1758086,-76.8283467
16:36:52,2.635484,86,21.29328,1016.44,0.544,-26.52742,63431.42708229044,-1.777344,1.46875,9.488281,0.03125,0,0.013672,-12.8125,2.6875,-45,0.119995,0.018555,-0.50885,0.852234,35.1758086,-76.8283466
16:36:53,2.632258,85,21.28558,1016.44,0.548,-26.52742,63429.76828407118,-1.359375,2.082031,9.414063,0.009766,0.009766,-0.019531,-13.5625,3.3125,-47.1875,0.127197,0.015686,-0.512451,0.849121,35.1758087,-76.8283465
16:36:54,2.629032,85,21.30328,1016.444,0.537,-26.56052,63433.49995280292,-1.589844,1.964844,9.417969,-0.023438,0.007813,0.001953,-13.0625,1.3125,-43.75,0.130493,0.016174,-0.513306,0.848083,35.1758087,-76.8283465
16:36:56,2.645161,86,21.29642,1016.444,0.556,-26.55852,63432.02211628613,-0.558594,2.195313,8.613281,0.025391,-0.242188,0.001953,-16.875,1.75,-41.3125,0.1026,-0.023926,-0.526733,0.843445,35.1758094,-76.828346
16:36:57,2.63871,86,21.28471,1016.431,0.549,-26.45419,63429.76403025768,-0.632813,0.625,9.796875,-0.478516,0.066406,0.037109,-16.9375,8.4375,-41.1875,0.04834,0.00708,-0.473511,0.879456,35.1758098,-76.8283461
16:36:58,2.683871,88,21.28872,1016.434,0.518,-26.47927,63430.56684306951,-0.75,0.089844,10.48828,-0.470703,0.019531,0.029297,-16.9375,8.4375,-41.1875,0.04834,0.00708,-0.473511,0.879456,35.1758099,-76.8283461
16:36:59,2.629032,85,21.28471,1016.438,0.473,-26.50937,63429.62156543564,-0.445313,0.703125,9.671875,0.001953,-0.001953,0.023438,-16.9375,8.75,-41.5625,0.039612,0.006104,-0.465637,0.884094,35.1758099,-76.828346
16:37:00,2.63871,86,21.29585,1016.439,0.444,-26.51839,63432.00108589296,-0.367188,0.625,9.75,-0.029297,0.019531,0.041016,-16.9375,8.75,-41.5625,0.039612,0.006104,-0.465637,0.884094,35.1758099,-76.8283461
16:37:01,2.619355,85,21.29499,1016.438,0.434,-26.50636,63431.83617019365,-0.675781,1.007813,9.566406,0.050781,0.042969,-0.007813,-16.25,9.125,-42.875,0.057861,0.004517,-0.46936,0.881104,35.1758098,-76.828346
16:37:02,2.670968,87,21.30099,1016.44,0.455,-26.52943,63433.088034793094,-0.597656,0.777344,9.714844,0.050781,0.042969,-0.007813,-16.25,9.125,-42.875,0.057861,0.004517,-0.46936,0.881104,35.1758097,-76.8283459
16:37:03,2.63871,86,21.28586,1016.438,0.441,-26.50937,63429.869308185815,-0.597656,0.933594,10.13672,0.050781,0.042969,-0.007813,-16.25,9.125,-42.875,0.057861,0.004517,-0.46936,0.881104,35.1758096,-76.8283461
16:37:04,2.619355,85,21.29842,1016.442,0.46,-26.53845,63432.493678138504,-0.558594,0.664063,9.828125,-0.007813,0.007813,-0.007813,-15.9375,11.1875,-43.6875,0.037781,0.010132,-0.467712,0.882996,35.1758094,-76.8283462
16:37:05,2.635484,86,21.30013,1016.44,0.451,-26.52842,63432.90276642056,-0.558594,0.546875,9.753906,0.039063,0.009766,-0.001953,-17,10.9375,-44.1875,0.031433,0.01001,-0.467773,0.88324,35.1758092,-76.8283463
16:37:06,2.629032,85,21.29728,1016.441,0.443,-26.53444,63432.268442807785,-0.519531,0.472656,9.714844,0.003906,-0.001953,-0.005859,-15.5625,9.5,-40.6875,0.03418,0.011658,-0.467346,0.883301,35.1758091,-76.8283463
16:37:07,2.635484,86,21.30042,1016.442,0.433,-26.54347,63432.92453454233,-0.480469,0.433594,9.792969,-0.009766,-0.001953,0.009766,-16.5625,10.625,-41.125,0.030151,0.013123,-0.465637,0.884399,35.1758092,-76.8283462
16:37:08,2.641936,86,21.29356,1016.441,0.428,-26.53043,63431.46704963953,-0.480469,0.433594,9.792969,0,0,-0.001953,-16.5625,10.625,-41.125,0.031616,0.010742,-0.465942,0.884155,35.1758092,-76.8283463
16:37:09,2.645161,86,21.29128,1016.442,0.422,-26.54347,63430.95552077681,-0.75,0.203125,9.90625,-0.089844,-0.003906,-0.113281,-16.5625,12,-39.8125,0.021973,0.02063,-0.479614,0.876953,35.1758091,-76.8283462
16:37:10,2.645161,86,21.31013,1016.444,0.457,-26.55952,63434.975635039096,-0.636719,-0.832031,9.945313,-0.232422,0.017578,-0.091797,-16.5625,14.875,-40.625,-0.024414,0.05426,-0.48877,0.870361,35.1758091,-76.8283461
16:37:11,2.648387,86,21.29957,1016.444,0.452,-26.56052,63432.7007146867,-0.636719,-0.832031,9.945313,0.210938,0.007813,0.027344,-16.5625,14.875,-40.625,-0.04364,0.065186,-0.496643,0.86438,35.1758092,-76.8283459
16:37:13,2.632258,85,21.29842,1016.442,0.419,-26.54146,63432.493678138504,-0.753906,-0.867188,9.820313,0.017578,0,-0.027344,-15.25,16.25,-41.875,-0.018433,0.059143,-0.478455,0.875916,35.1758091,-76.8283458
16:37:14,2.674194,88,21.299,1016.446,0.442,-26.57156,63432.5372149805,-0.753906,-0.867188,9.820313,0.064453,0.013672,-0.007813,-15.25,16.25,-41.875,-0.016785,0.058472,-0.477966,0.876282,35.175809,-76.8283456
16:37:15,2.632258,85,21.3047,1016.447,0.449,-26.58359,63433.74480094227,-0.789063,-0.980469,9.65625,0.019531,0.009766,-0.027344,-16.625,15.1875,-42.75,-0.026978,0.058228,-0.479614,0.875122,35.1758089,-76.8283455
16:37:16,2.687097,88,21.30813,1016.447,0.475,-26.58259,63434.483718489406,-0.714844,-0.902344,9.734375,0.039063,0.005859,0.005859,-15.9375,15.1875,-42.75,-0.022095,0.056641,-0.48468,0.872559,35.1758088,-76.8283455
16:37:18,2.616129,85,21.30956,1016.448,0.489,-26.59162,63434.77142679862,-0.636719,-0.824219,9.777344,0,0.005859,0.003906,-16.25,16.3125,-40.625,-0.019165,0.055603,-0.486084,0.871948,35.1758087,-76.8283456
16:37:19,2.625807,85,21.29728,1016.443,0.511,-26.55149,63432.227737192676,-0.789063,-0.824219,9.734375,-0.013672,0.005859,-0.007813,-15.5625,15.1875,-41,-0.016907,0.054932,-0.489807,0.869934,35.1758086,-76.8283455
16:37:20,2.696774,89,21.30384,1016.443,0.541,-26.55049,63433.64094574382,-0.714844,-0.75,9.773438,0.015625,0.001953,0.009766,-15.875,14.875,-39.75,-0.015808,0.053223,-0.490295,0.869751,35.1758086,-76.8283455
16:37:21,2.687097,88,21.30813,1016.451,0.543,-26.61268,63434.40230492663,-0.789063,-0.789063,9.851563,-0.003906,0.001953,-0.001953,-15.5625,15.1875,-40.1875,-0.013062,0.052551,-0.488464,0.870911,35.1758085,-76.8283457
16:37:22,2.625807,85,21.31013,1016.448,0.536,-26.59162,63434.89422063733,-0.828125,-0.75,9.851563,-0.017578,0.001953,-0.019531,-15.8125,13.125,-39.375,-0.012512,0.054321,-0.493408,0.867981,35.1758083,-76.828346
16:37:23,2.654839,87,21.30927,1016.446,0.532,-26.57657,63434.74965977467,-0.675781,-0.710938,10.00781,0.060547,0.029297,-0.015625,-14.125,13.75,-40.125,-0.014282,0.050293,-0.497986,0.865601,35.1758083,-76.8283464
16:37:26,2.606452,84,21.31099,1016.448,0.576,-26.59262,63435.0794885343,-0.558594,0.78125,9.65625,-0.005859,-0.007813,0.007813,-15.625,7.6875,-44.1875,0.049377,0.016602,-0.500916,0.863953,35.1758084,-76.8283462
16:37:27,2.606452,84,21.32726,1016.449,0.666,-26.60265,63438.564143906944,-0.945313,1.550781,9.695313,0.392578,0.056641,0.021484,-15.625,7.6875,-44.1875,0.089844,0.004456,-0.490234,0.866943,35.1758083,-76.8283461
16:37:28,2.625807,85,21.31698,1016.45,0.682,-26.60867,63436.32919297473,-0.640625,-1.015625,9.707031,-0.3125,-0.027344,-0.025391,-15.9375,15.1875,-42.75,-0.031311,0.052368,-0.492859,0.867981,35.1758084,-76.8283462
16:37:30,2.635484,86,21.32155,1016.45,0.695,-26.61168,63437.313697330406,-0.605469,-0.746094,9.738281,-0.025391,-0.007813,0.021484,-16.5625,15.625,-39.375,-0.022827,0.052002,-0.494629,0.867249,35.1758087,-76.8283467
16:37:31,2.622581,85,21.3224,1016.451,0.732,-26.6167,63437.476456490695,-0.605469,-0.628906,9.550781,0.001953,-0.023438,0.029297,-17.625,13.125,-40.3125,-0.012451,0.045227,-0.487915,0.871643,35.1758085,-76.8283468
16:37:32,2.654839,87,21.31784,1016.447,0.727,-26.5866,63436.575522974155,-0.644531,-0.9375,9.316406,-0.064453,0.001953,0.037109,-16.5625,14.875,-39.75,-0.021179,0.046204,-0.495728,0.867004,35.1758085,-76.8283468
16:37:34,2.629032,85,21.31583,1016.451,0.603,-26.6187,63436.06109729126,-0.683594,-0.171875,8.664063,0.494141,-0.181641,0.175781,-16.5625,17.75,-39.3125,-0.028809,0.045532,-0.459412,0.886597,35.1758075,-76.8283466
16:37:35,2.658065,87,21.31898,1016.448,0.564,-26.5876,63436.80075655393,-1.144531,1.015625,10.23828,0.181641,0.136719,0.318359,-13.3125,12.9375,-49.5625,0.043274,0.02948,-0.428528,0.901978,35.1758078,-76.8283453
16:37:36,2.641936,86,21.32298,1016.453,0.51,-26.63174,63437.56069579573,-0.953125,0.519531,9.855469,-0.054688,-0.0625,0.003906,-14.3125,14.375,-46.1875,0.048218,0.009766,-0.380371,0.923523,35.1758078,-76.8283444
16:37:37,2.629032,85,21.31754,1016.451,0.544,-26.6197,63436.42947845277,0.734375,-1.589844,9.8125,-0.470703,-0.017578,-0.003906,-14.5625,22.6875,-40,-0.067749,0.042297,-0.390869,0.916992,35.1758083,-76.8283441
16:37:38,2.603226,84,21.31298,1016.444,0.618,-26.55751,63435.589605020556,-0.03125,-0.285156,10.53906,0.1875,0.035156,-0.121094,-15.9375,18.4375,-41.4375,-0.026123,0.040283,-0.424866,0.903992,35.1758079,-76.828344
16:37:39,2.622581,85,21.31298,1016.447,0.66,-26.58259,63435.528543592496,-1.449219,-0.554688,10.61719,0.578125,0.152344,0.009766,-12.5,15.125,-42.6875,0.009216,0.049194,-0.425354,0.903625,35.1758077,-76.8283442
16:37:40,2.625807,85,21.3204,1016.45,0.616,-26.61068,63437.065955534126,-0.261719,-0.476563,9.050781,0.238281,0.003906,0.546875,-14.875,18.4375,-40.125,-0.006531,0.013794,-0.354126,0.935059,35.1758082,-76.8283442
16:37:41,2.619355,85,21.31698,1016.454,0.643,-26.64077,63436.247777251076,-0.914063,0.367188,9.734375,-0.048828,-0.013672,0.037109,-8.3125,21.1875,-41.1875,0.009338,0.043213,-0.261108,0.964294,35.1758083,-76.8283445
16:37:45,2.651613,86,21.31698,1016.46,0.757,-26.69293,63436.125654380616,-0.796875,0.019531,9.550781,0.035156,-0.001953,0.001953,-7.25,21.25,-39.875,0.008972,0.050049,-0.254761,0.965637,35.1758078,-76.8283446
16:37:46,2.670968,87,21.3167,1016.456,0.754,-26.65983,63436.146749906664,-0.953125,-0.363281,9.699219,0.021484,0.005859,0,-7.25,21.25,-39.875,0.008972,0.050049,-0.254761,0.965637,35.1758076,-76.8283445
16:37:47,2.63871,86,21.32155,1016.459,0.764,-26.68089,63437.130509645496,-0.914063,-0.324219,9.777344,0.072266,0.009766,-0.005859,-7.25,21.9375,-39.8125,-0.006104,0.054321,-0.256958,0.964905,35.1758072,-76.8283443
16:37:48,2.590322,83,21.3167,1016.458,0.782,-26.67387,63436.1060423219,-0.492188,-1.511719,9.429688,0.101563,0.009766,0.001953,-8,24.75,-42.8125,-0.040833,0.058044,-0.258362,0.96344,35.175807,-76.8283443
16:37:49,2.622581,85,21.33096,1016.457,0.788,-26.66384,63439.19838747663,-0.988281,-2.125,9.894531,-0.609375,-0.087891,-0.066406,-8.625,25.8125,-40.25,-0.040833,0.058044,-0.258362,0.96344,35.1758065,-76.8283444
16:37:50,2.622581,85,21.31327,1016.463,0.788,-26.71901,63435.265360023266,-0.53125,-9.054688,3.53125,-0.560547,-0.060547,0.085938,-9.0625,47.6875,4.3125,-0.546509,0.19696,-0.226074,0.781921,35.1758063,-76.8283443
16:37:58,2.641936,86,21.29957,1016.465,0.686,-26.73305,63432.273308660144,-0.832031,0.492188,-9.757813,-0.007813,0,-0.011719,-7.5625,-20,45.375,-0.97052,0.237183,0.041748,0.005676,35.1758059,-76.8283435
16:37:59,2.625807,85,21.31526,1016.464,0.658,-26.72001,63435.67370571859,-0.882813,0.417969,-9.53125,-0.039063,0.007813,0.011719,-7.6875,-19,39.875,-0.964722,0.259644,0.04303,0.002441,35.1758059,-76.8283435
16:38:00,2.670968,87,21.30356,1016.463,0.627,-26.71801,63433.17356627716,-0.726563,0.417969,-9.691406,0.058594,0.007813,0.013672,-7,-18.25,39.9375,-0.963806,0.263062,0.043152,0.002625,35.1758059,-76.8283437
16:38:01,2.625807,85,21.29728,1016.463,0.576,-26.71299,63431.82068628482,-0.917969,0.339844,-9.804688,-0.019531,-0.003906,0.015625,-7.6875,-18.9375,42,0.959961,-0.27655,-0.04425,0.004395,35.175806,-76.8283438
16:38:02,2.625807,85,21.30698,1016.465,0.532,-26.72904,63433.869619856036,-0.804688,0.417969,-9.652344,-0.019531,-0.003906,0.015625,-7.6875,-18.9375,42,0.959961,-0.27655,-0.04425,0.004395,35.1758062,-76.8283438
16:38:03,2.622581,85,21.30013,1016.465,0.509,-26.73004,63432.39394756294,-0.882813,0.457031,-9.574219,-0.019531,-0.003906,0.015625,-8.625,-18.1875,43.25,0.956177,-0.289001,-0.046631,0.008911,35.1758062,-76.8283439
16:38:04,2.622581,85,21.30613,1016.464,0.496,-26.72001,63433.70686011876,-0.613281,2.832031,-8.960938,-2.648438,-0.025391,0.027344,-8.3125,-27.9375,39.6875,0.945129,-0.285828,-0.084473,0.133667,35.1758061,-76.828344
16:38:05,2.583871,83,21.30242,1016.46,0.451,-26.69092,63432.98903787602,-1.148438,4.324219,-9.847656,-2.75,0.107422,0.068359,-8.3125,-27.9375,39.6875,0.945129,-0.285828,-0.084473,0.133667,35.1758057,-76.8283441
16:38:07,2.651613,86,21.30242,1016.462,0.355,-26.70998,63432.948332456,-1.1875,9.386719,1.457031,-0.193359,0.003906,0.009766,-10.3125,-36.875,-25.625,0.624451,-0.164368,-0.278992,0.710754,35.1758057,-76.8283442
16:38:08,2.629032,85,21.31698,1016.462,0.309,-26.71099,63436.084946947805,-1.226563,9.648438,1.417969,-0.005859,0.007813,0.003906,-8.9375,-38.3125,-25.1875,0.627502,-0.164551,-0.278015,0.708435,35.1758058,-76.8283441
16:38:09,2.622581,85,21.29871,1016.461,0.311,-26.70296,63432.169451397356,-1.183594,9.570313,1.34375,0.029297,0.007813,0.005859,-9.25,-36.125,-25.1875,0.629089,-0.162781,-0.278503,0.707214,35.1758057,-76.8283438
16:38:10,2.622581,85,21.30613,1016.464,0.309,-26.72001,63433.70686011876,-1.144531,9.570313,1.496094,0.019531,0.009766,0.005859,-10.3125,-37.625,-26.5,0.6297,-0.159241,-0.274902,0.708923,35.1758055,-76.8283438
16:38:11,2.616129,85,21.30099,1016.463,0.303,-26.716,63432.61991952871,-1.222656,9.53125,1.613281,0.021484,-0.005859,-0.003906,-9.3125,-37.625,-26.875,0.62561,-0.158569,-0.276794,0.711975,35.1758052,-76.828344
16:38:12,2.619355,85,21.30813,1016.465,0.307,-26.72904,63434.11736045998,-0.300781,10.18359,-1.183594,0.404297,-0.009766,0.048828,-10.875,-38.5625,-21.4375,0.661682,-0.174683,-0.259399,0.681458,35.175805,-76.8283431
16:38:13,2.651613,86,21.31726,1016.458,0.395,-26.67788,63436.22668149564,0.578125,8.269531,-1.644531,0.623047,0.074219,0.115234,-10.875,-38.5625,-21.4375,0.661682,-0.174683,-0.259399,0.681458,35.1758053,-76.8283395
16:38:14,2.625807,85,21.31355,1016.472,0.431,-26.78922,63435.14249959372,-1.605469,3.824219,-9.425781,1.539063,-0.009766,0.113281,-10.875,-38.5625,-21.4375,0.661682,-0.174683,-0.259399,0.681458,35.1758075,-76.8283357
16:38:15,2.667742,87,21.3167,1016.477,0.277,-26.83637,63435.719325021346,-1.605469,3.824219,-9.425781,1.166016,0.390625,-0.363281,-10.875,-38.5625,-21.4375,0.954224,-0.181274,-0.098694,0.21637,35.1758097,-76.8283345
16:38:16,2.619355,85,21.3047,1016.485,-0.073,-26.90257,63432.97139650136,-1.144531,10.71875,-9.613281,1.166016,0.390625,-0.363281,-10.875,-38.5625,-21.4375,0.97052,0.020996,-0.00592,0.240051,35.1758084,-76.8283291
16:38:17,2.632258,85,21.3087,1016.494,-0.213,-26.97479,63433.64992523655,0.386719,5.28125,-7.199219,0.513672,0.388672,0.142578,-6.0625,-51.3125,26.5,0.953735,0.064636,0.076355,0.283569,35.1758075,-76.8283275
16:38:18,2.609677,84,21.32155,1016.497,-0.323,-26.99686,63436.357071815124,1.460938,3.824219,-8.882813,-0.070313,0.09375,0.013672,-6.625,-48,32.5625,0.973022,0.066467,0.092407,0.200623,35.1758083,-76.8283274
16:38:19,2.606452,84,21.31955,1016.496,-0.407,-26.99184,63435.94657606246,1.117188,3.59375,-9.003906,0.046875,0.070313,-0.041016,-5.875,-46.125,35.5625,0.976013,0.090027,0.083435,0.179871,35.1758089,-76.8283268
16:38:21,2.616129,85,21.3147,1016.494,-0.588,-26.9768,63434.942472882634,0.636719,4.28125,-9.074219,-0.751953,-0.095703,0.216797,-6.1875,-46.125,36.875,0.976257,0.062927,0.060303,0.198425,35.1758087,-76.828326
16:38:22,2.670968,87,21.32954,1016.496,-0.542,-26.98883,63438.098666512196,1.363281,5.007813,-7.921875,-0.634766,-0.107422,0.271484,-6.1875,-46.125,36.875,0.976257,0.062927,0.060303,0.198425,35.1758088,-76.8283247
16:38:23,2.596774,84,21.33697,1016.495,-0.804,-26.98081,63439.71962459599,0.289063,3.898438,-7.921875,0.173828,0.259766,0.140625,0.8125,-46.6875,25.9375,0.959961,0.108032,0.076416,0.246826,35.1758085,-76.8283244
16:38:25,2.654839,87,21.33839,1016.505,-0.857,-27.06206,63439.82198477348,0.675781,6.273438,-7.570313,-0.021484,0.039063,-0.005859,1.375,-47.9375,19.875,0.934692,0.087158,0.059753,0.339478,35.1758089,-76.8283231
16:38:26,2.606452,84,21.35037,1016.504,-0.936,-27.05804,63442.42311745269,0.789063,6.539063,-7.726563,1.214844,0.097656,0.126953,1.375,-47.9375,19.875,0.934692,0.087158,0.059753,0.339478,35.1758094,-76.8283226
16:38:28,2.625807,85,21.35551,1016.516,-0.911,-27.15634,63443.286133843496,-2.199219,2.210938,-9.453125,0.111328,-0.109375,-0.011719,-0.5625,-34.3125,43.1875,0.994568,0.053711,0.006287,0.088684,35.1758084,-76.8283215
16:38:29,2.612903,84,21.38663,1016.534,-1.011,-27.30278,63449.62367422374,-0.4375,0.527344,-10.78906,-0.003906,0.023438,-0.072266,3,-29.25,48.5625,0.996582,0.077515,-0.025757,0.014221,35.1758093,-76.8283216
16:38:30,2.635484,86,21.39777,1016.534,-1.144,-27.30479,63452.02347355508,-0.703125,0.066406,-7.886719,-0.236328,-0.033203,-0.037109,2.9375,-36.8125,44.125,0.9953,0.077576,-0.011963,0.05719,35.1758103,-76.8283221
16:38:32,2.616129,85,21.39834,1016.53,-1.238,-27.2757,63452.22769459565,-0.207031,-0.085938,-10.64063,0.722656,0.164063,-0.064453,7.3125,-21.875,42.8125,0.995911,0.0896,-0.004333,0.00885,35.1758093,-76.8283216
16:38:34,2.629032,85,21.40748,1016.527,-1.262,-27.25063,63454.25772785573,0.445313,1.214844,-8.875,-0.429688,-0.091797,0.125,5.1875,-26.5625,40.5,0.991455,0.115234,0.011108,0.059753,35.1758094,-76.8283225
16:38:36,2.603226,84,21.41946,1016.523,-1.488,-27.21251,63456.91992442752,-0.359375,3.667969,-9.222656,0.085938,0.007813,-0.025391,7.5625,-28.4375,37.1875,0.986633,0.126099,-0.001648,0.103027,35.1758089,-76.8283239
16:38:37,2.667742,87,21.43288,1016.529,-1.6,-27.26467,63459.68873469711,-0.4375,2.671875,-10.44922,-0.298828,-0.064453,0,7.5625,-28.4375,37.1875,0.986267,0.128418,-0.0047,0.10376,35.1758092,-76.828324
16:38:41,2.641936,86,21.43545,1016.525,-1.845,-27.23257,63460.32381104805,-0.359375,3.285156,-9.070313,0.037109,0.046875,0.015625,7.5625,-32,35.8125,0.981018,0.134338,0.005127,0.139771,35.1758094,-76.828325
16:38:45,2.612903,84,21.46885,1016.523,-2.125,-27.21251,63467.55964680425,-0.4375,-1.390625,-8.609375,0.234375,0.09375,-0.041016,4.5625,-16.8125,46.6875,-0.988159,-0.133118,-0.007629,0.076111,35.1758055,-76.8283369
16:38:47,2.619355,85,21.49112,1016.508,-1.868,-27.08813,63472.66257498092,0.789063,-1.007813,-9.949219,-0.242188,0.152344,-0.011719,1.75,-18.6875,40.5625,-0.987122,-0.144409,-0.046326,0.051025,35.1758052,-76.8283369
16:38:48,2.609677,84,21.50967,1016.485,-1.701,-26.89555,63477.12710584185,0.980469,-1.273438,-10.14063,-0.013672,0.224609,-0.019531,1.75,-18.6875,40.5625,-0.987122,-0.144409,-0.046326,0.051025,35.1758049,-76.8283373
16:38:49,2.612903,84,21.51138,1016.458,-1.509,-26.67588,63478.0453893663,4.847656,0.488281,-9.03125,-0.0625,0.292969,-0.027344,-15.75,-23.625,37.8125,-0.954529,-0.145264,-0.25769,0.036621,35.1758044,-76.8283392
16:38:50,2.596774,84,21.51681,1016.408,-1.458,-26.25558,63480.23356832703,6.382813,-0.085938,-6.121094,-0.050781,0.214844,-0.001953,-21.4375,-21.5,33.5,-0.928711,-0.140564,-0.338562,0.055969,35.1758043,-76.8283406
16:38:51,2.619355,85,21.51681,1016.38,-1.326,-26.02486,63480.80390387845,7.453125,-0.546875,-6.347656,0.066406,0.185547,-0.025391,-27.375,-22.25,31.9375,-0.895447,-0.135254,-0.417603,0.074158,35.1758043,-76.8283417
16:38:52,2.664516,87,21.53964,1016.37,-1.162,-25.9416,63485.92593915373,8.21875,0.296875,-5.929688,-0.042969,0.144531,0.005859,-31.6875,-22.25,26.6875,-0.860901,-0.12146,-0.488525,0.074097,35.1758038,-76.8283438
16:38:53,2.641936,86,21.55106,1016.352,-1.1,-25.79614,63488.75288712729,8.796875,0.179688,-4.777344,0.039063,0.162109,0.015625,-33.5,-23.0625,23.1875,-0.841248,-0.109741,-0.525391,0.06488,35.1758031,-76.8283465
16:38:54,2.63871,86,21.54764,1016.34,-0.958,-25.69081,63488.260570237464,9.792969,0.871094,-1.945313,0.044922,0.164063,0.005859,-39.3125,-21.375,13.25,-0.765198,-0.095642,-0.632141,0.075378,35.1758022,-76.8283487
16:38:56,2.635484,86,21.56734,1016.331,-0.856,-25.61958,63492.68801085721,9.726563,-0.164063,-1.023438,-0.042969,0.078125,-0.003906,-39.75,-22.5,9.75,-0.728882,-0.094666,-0.672607,0.086243,35.1758018,-76.8283502
16:38:59,2.619355,85,21.57333,1016.328,-0.805,-25.59851,63494.03959546662,9.6875,0.296875,-0.371094,-0.162109,0.103516,-0.025391,-41.0625,-21.9375,1.9375,-0.715942,-0.047363,-0.695068,0.045288,35.1758013,-76.8283516
16:39:08,2.641936,86,21.73005,1016.329,-0.774,-25.60554,63527.78235286328,9.773438,-0.011719,-0.21875,-0.003906,-0.009766,0.003906,-40.875,-21.5,8,-0.715393,-0.087219,-0.687744,0.087158,35.1758008,-76.8283527
16:39:09,2.677419,88,21.73463,1016.328,-0.783,-25.59952,63528.789435551385,9.777344,-0.011719,-0.140625,-0.003906,-0.009766,0.003906,-40.875,-21.5,8,-0.715393,-0.087219,-0.687744,0.087158,35.1758008,-76.8283528
16:39:10,2.622581,85,21.75118,1016.329,-0.766,-25.60554,63532.33451582282,9.777344,-0.085938,-0.371094,-0.009766,0.003906,-0.001953,-40.1875,-22.1875,6.25,-0.715515,-0.090637,-0.686768,0.090454,35.1758008,-76.8283525
16:39:12,2.622581,85,21.75146,1016.328,-0.735,-25.59851,63532.415224817516,9.933594,-0.316406,-0.90625,-0.007813,-0.011719,0.003906,-39.1875,-21.1875,6.3125,-0.726196,-0.076172,-0.679077,0.075256,35.1758009,-76.8283525
16:39:13,2.6,84,21.78287,1016.328,-0.755,-25.59049,63539.182072164454,9.777344,0.027344,-0.792969,-0.021484,-0.003906,-0.003906,-39.1875,-21.1875,6.75,-0.726013,-0.073425,-0.679871,0.072693,35.1758012,-76.828353
16:39:14,2.616129,85,21.80456,1016.328,-0.774,-25.5945,63543.85488079085,9.773438,-0.011719,-0.714844,0.005859,0.001953,0.001953,-40.625,-21.5625,4.9375,-0.726501,-0.072021,-0.679688,0.071228,35.1758016,-76.8283536
16:39:15,2.635484,86,21.80828,1016.327,-0.745,-25.58949,63544.67669388017,9.738281,0.027344,-0.601563,-0.001953,-0.001953,0,-39.75,-21.8125,9.6875,-0.727051,-0.07019,-0.679443,0.06958,35.1758016,-76.8283535
16:39:16,2.629032,85,21.82198,1016.327,-0.764,-25.58949,63547.62816915561,9.777344,-0.125,-0.714844,-0.029297,0.011719,-0.005859,-39.75,-21.8125,9.6875,-0.727356,-0.072571,-0.678589,0.072388,35.175802,-76.828354
16:39:17,2.629032,85,21.8431,1016.329,-0.754,-25.60754,63552.13739415886,9.777344,-0.085938,-0.636719,-0.019531,-0.001953,-0.003906,-39.5,-21.8125,9.6875,-0.725891,-0.080994,-0.678284,0.080322,35.175802,-76.8283541
16:39:18,2.606452,84,21.86822,1016.328,-0.751,-25.59149,63557.56954179393,9.8125,-0.125,-0.5625,-0.007813,-0.001953,-0.001953,-39.8125,-21.5,9.3125,-0.725708,-0.082764,-0.67804,0.082275,35.175802,-76.8283542
16:39:20,2.677419,88,21.86594,1016.328,-0.756,-25.59651,63557.078347526156,9.777344,-0.050781,-0.601563,-0.015625,0.005859,-0.003906,-40.125,-22.1875,9.25,-0.724915,-0.089783,-0.677185,0.088867,35.1758022,-76.8283544
16:39:21,2.6,84,21.89762,1016.328,-0.788,-25.59751,63563.90336261534,9.773438,-0.085938,-0.675781,0.007813,0,0,-40.8125,-21.5,9.6875,-0.725281,-0.09375,-0.67572,0.092773,35.1758025,-76.8283548
16:39:22,2.635484,86,21.89991,1016.328,-0.788,-25.59149,63564.396711243935,9.773438,-0.125,-0.675781,0.005859,-0.003906,0.001953,-39.875,-22.1875,6.25,-0.725525,-0.09314,-0.675598,0.092468,35.1758027,-76.8283549
16:39:23,2.629032,85,21.90134,1016.327,-0.791,-25.58547,63564.725182138005,9.738281,-0.125,-0.714844,0.011719,-0.001953,0,-40.5625,-21.5,7.5,-0.727539,-0.08252,-0.676025,0.08252,35.1758029,-76.8283549
16:39:24,2.606452,84,21.8962,1016.325,-0.798,-25.57343,63563.658634272906,9.816406,-0.011719,-0.601563,0.007813,-0.001953,0,-39.8125,-21.1875,7.5625,-0.728516,-0.077698,-0.676147,0.077942,35.1758032,-76.8283548
16:39:26,2.674194,88,21.89906,1016.327,-0.759,-25.58748,63564.2339877126,9.773438,-0.050781,-0.90625,0.007813,-0.001953,-0.003906,-38.8125,-21.8125,8.875,-0.736023,-0.079224,-0.667725,0.078674,35.1758033,-76.828355
16:39:27,2.609677,84,21.90619,1016.325,-0.755,-25.56742,63565.81084280755,9.773438,-0.050781,-0.90625,-0.021484,0.064453,0.005859,-38.8125,-21.8125,8.875,-0.736023,-0.079224,-0.667725,0.078674,35.1758033,-76.8283559
16:39:29,2.625807,85,21.91789,1016.323,-0.774,-25.55538,63568.37224444573,9.8125,0.027344,-0.371094,0.003906,0.009766,0.001953,-40.1875,-22.1875,8.375,-0.716797,-0.085144,-0.686523,0.087524,35.1758036,-76.8283559
16:39:31,2.674194,88,21.9493,1016.324,-0.761,-25.55939,63575.11870194238,9.8125,-0.050781,-0.371094,0,-0.001953,-0.001953,-40.1875,-21.5625,6.625,-0.714905,-0.091064,-0.687012,0.093323,35.1758038,-76.8283559
16:39:32,2.658065,87,21.95158,1016.323,-0.773,-25.55738,63575.630297705655,9.773438,-0.050781,-0.179688,-0.025391,-0.003906,-0.003906,-40.875,-21.5,8.8125,-0.715271,-0.092896,-0.686096,0.094666,35.1758041,-76.8283557
16:39:33,2.648387,86,21.961,1016.322,-0.767,-25.54735,63577.68011039772,9.660156,0.488281,-0.5625,-0.009766,0,0,-39.5625,-21.875,6.6875,-0.719971,-0.102234,-0.678711,0.102539,35.1758043,-76.8283555
16:39:34,2.609677,84,21.97185,1016.322,-0.76,-25.54836,63580.0175963918,9.777344,0.027344,-0.5625,0.009766,0.005859,-0.001953,-39.875,-21.5625,5.375,-0.721497,-0.096619,-0.678711,0.097534,35.1758044,-76.8283556
16:39:35,2.651613,86,21.97784,1016.321,-0.751,-25.53832,63581.328463737926,9.816406,0.488281,-0.179688,-0.015625,0.013672,0.005859,-40.5625,-21.875,5.8125,-0.722168,-0.085388,-0.680908,0.086853,35.1758046,-76.8283557
16:39:36,2.667742,87,21.99098,1016.322,-0.749,-25.54133,63584.13889658226,9.777344,-0.085938,-0.5625,0.005859,-0.005859,-0.001953,-40.875,-21.5,7.9375,-0.722961,-0.077698,-0.681946,0.079102,35.175805,-76.828356
16:39:37,2.593548,83,22.00981,1016.322,-0.742,-25.54635,63588.195565823604,9.777344,-0.050781,-0.445313,-0.003906,-0.003906,0.003906,-39.8125,-21.125,7.9375,-0.723145,-0.0755,-0.68219,0.077148,35.175805,-76.8283564
16:39:38,2.6,84,22.02039,1016.321,-0.727,-25.53632,63590.49528963321,9.738281,-0.085938,-0.292969,-0.007813,0.023438,-0.001953,-40.1875,-22.1875,8.375,-0.717468,-0.070801,-0.689148,0.072937,35.1758051,-76.8283566
16:39:39,2.587097,83,22.0338,1016.319,-0.696,-25.51826,63593.42510725237,9.777344,0.027344,-0.410156,-0.007813,0.023438,-0.001953,-40.1875,-21.5,7.125,-0.716003,-0.072205,-0.690369,0.074341,35.1758051,-76.8283567
16:39:40,2.612903,84,22.03665,1016.32,-0.678,-25.5313,63594.01869501869,9.855469,-0.085938,-0.484375,0.005859,0.027344,-0.007813,-40.5625,-22.5625,6.1875,-0.711548,-0.0755,-0.694214,0.07782,35.1758052,-76.8283565
16:39:41,2.625807,85,22.02924,1016.318,-0.656,-25.51525,63592.46312223292,9.773438,0.140625,-0.253906,0.003906,-0.003906,0.001953,-40.5625,-21.5,7.125,-0.709229,-0.08252,-0.694946,0.084961,35.1758054,-76.8283563
16:39:42,2.625807,85,22.03609,1016.317,-0.636,-25.50121,63593.95927098333,9.816406,-0.203125,-0.140625,0.003906,0,-0.001953,-40.875,-20.4375,7.9375,-0.70874,-0.085999,-0.694641,0.088318,35.1758057,-76.8283562
16:39:44,2.612903,84,22.04522,1016.318,-0.598,-25.51324,63595.90580187627,9.738281,-0.085938,0.050781,0.003906,0.003906,0.001953,-40.5625,-21.1875,7.125,-0.709473,-0.080811,-0.695496,0.079529,35.175806,-76.8283562
16:39:45,2.625807,85,22.06291,1016.317,-0.582,-25.50622,63599.737287107484,9.816406,-0.011719,-0.21875,0.027344,-0.001953,-0.001953,-39.3125,-22.3125,1.9375,-0.709412,-0.081604,-0.695496,0.080139,35.1758061,-76.8283561
16:39:46,2.6,84,22.05863,1016.316,-0.575,-25.4982,63598.83562585311,9.816406,-0.050781,0.128906,-0.058594,-0.009766,-0.015625,-39.625,-21.5625,5,-0.710327,-0.06958,-0.697327,0.065735,35.1758062,-76.828356
16:39:47,2.622581,85,22.07491,1016.316,-0.575,-25.49318,63602.34293877954,9.816406,0.105469,-0.027344,0.027344,-0.003906,0.007813,-40.625,-22.25,3.6875,-0.710815,-0.058838,-0.698914,0.052979,35.1758062,-76.8283559
16:39:48,2.670968,87,22.07861,1016.317,-0.581,-25.5002,63603.11964553961,9.734375,0.179688,-0.101563,0.009766,-0.001953,0.003906,-39.9375,-21.625,3.25,-0.710938,-0.056946,-0.699097,0.050537,35.1758063,-76.8283558
16:39:49,2.63871,86,22.08204,1016.318,-0.578,-25.51324,63603.8381838831,9.8125,0.066406,-0.140625,0.009766,-0.001953,0.003906,-41,-22.625,4.0625,-0.710938,-0.054932,-0.699463,0.048096,35.1758063,-76.8283558
16:39:50,2.632258,85,22.07491,1016.316,-0.57,-25.49619,63602.34293877954,9.816406,0.066406,-0.101563,0.005859,-0.001953,0.003906,-39.3125,-21.9375,2.375,-0.710815,-0.054688,-0.699646,0.047546,35.1758064,-76.8283557
16:39:51,2.629032,85,22.08889,1016.315,-0.568,-25.49017,63605.3751573572,9.777344,0.140625,-0.179688,-0.001953,0,-0.001953,-39.9375,-21.5625,4.125,-0.710693,-0.055542,-0.699646,0.048279,35.1758065,-76.8283557
16:39:52,2.616129,85,22.08118,1016.315,-0.552,-25.48415,63603.71413823312,9.773438,0.066406,-0.101563,-0.001953,0,-0.003906,-39.875,-21.875,5.875,-0.710266,-0.059143,-0.699524,0.051819,35.1758065,-76.8283556
16:39:53,2.641936,86,22.0789,1016.317,-0.54,-25.5002,63603.18212222401,9.773438,0.105469,-0.101563,0,0,0,-39.875,-22.5625,6.25,-0.709473,-0.067749,-0.698853,0.06012,35.1758066,-76.8283556
16:39:54,2.677419,88,22.09117,1016.316,-0.545,-25.49218,63605.84594296771,9.773438,0.105469,-0.21875,0,0,0,-39.875,-22.625,4.5,-0.709229,-0.070435,-0.698669,0.062744,35.1758068,-76.8283556
16:39:55,2.667742,87,22.09232,1016.315,-0.55,-25.48516,63606.11410620228,9.773438,0.105469,-0.101563,0.001953,0.001953,0,-40.3125,-21.5625,3.625,-0.708801,-0.074646,-0.698242,0.06665,35.1758069,-76.8283556
16:39:56,2.654839,87,22.10117,1016.316,-0.552,-25.49619,63608.00031208714,9.8125,0.105469,-0.140625,0.001953,0.001953,0,-40.9375,-21.875,5.3125,-0.708496,-0.078003,-0.697876,0.070007,35.175807,-76.8283557
16:39:57,2.590322,83,22.12115,1016.316,-0.546,-25.4982,63612.30474158774,9.738281,-0.085938,-0.0625,0.003906,-0.001953,0.003906,-40.3125,-23.375,2.3125,-0.708679,-0.075928,-0.69812,0.067932,35.1758071,-76.8283557
16:39:59,2.63871,86,22.12344,1016.312,-0.543,-25.46008,63612.879744008475,9.734375,0.066406,-0.332031,-0.015625,-0.003906,-0.001953,-40.25,-22.625,4.5,-0.710815,-0.063904,-0.698059,0.0578,35.1758073,-76.8283556
16:40:01,2.593548,83,22.12172,1016.31,-0.587,-25.44703,63612.55001789611,9.777344,0.140625,-0.140625,-0.021484,0,-0.001953,-40.3125,-23,3.1875,-0.710144,-0.053833,-0.700562,0.04541,35.1758078,-76.8283561
16:40:03,2.616129,85,22.14399,1016.316,-0.643,-25.49117,63617.22532065649,9.8125,0.140625,-0.140625,0.001953,0,0,-39.875,-22.625,5.375,-0.7099,-0.055908,-0.7005,0.047485,35.1758082,-76.8283565
16:40:04,2.596774,84,22.15112,1016.312,-0.651,-25.46108,63618.843045385365,9.8125,0.140625,-0.140625,-0.011719,-0.001953,-0.001953,-40.9375,-22.25,5.3125,-0.708923,-0.066956,-0.699646,0.058472,35.1758084,-76.8283566
16:40:06,2.667742,87,22.16283,1016.31,-0.655,-25.44503,63621.40664639827,9.773438,0.140625,-0.101563,0,0,0,-40.5625,-21.5625,6.25,-0.708374,-0.073242,-0.699036,0.064819,35.1758085,-76.8283564
16:40:07,2.651613,86,22.1674,1016.312,-0.66,-25.45907,63622.35036281369,9.777344,0.066406,-0.140625,-0.001953,-0.001953,-0.001953,-40.5625,-21.5625,6.25,-0.708374,-0.073242,-0.699036,0.064819,35.1758085,-76.8283564
16:40:10,2.658065,87,22.1634,1016.311,-0.7,-25.45606,63621.5090298552,9.816406,0.105469,-0.101563,0,0,0,-40.3125,-22.25,3.625,-0.709167,-0.066711,-0.699463,0.057983,35.1758091,-76.8283567
16:40:18,2.632258,85,22.22163,1016.307,-0.744,-25.42396,63634.135620888635,9.8125,0.140625,-0.140625,0,0,0,-40.25,-22.25,5.375,-0.708679,-0.070923,-0.699219,0.062195,35.17581,-76.8283569
16:40:20,2.645161,86,22.22792,1016.307,-0.775,-25.42095,63635.49072297835,9.777344,0.140625,-0.140625,0,0,0,-40.1875,-22.5625,6.25,-0.708191,-0.075439,-0.698792,0.06665,35.1758104,-76.8283572
16:40:21,2.603226,84,22.24448,1016.307,-0.763,-25.41995,63639.05836854364,9.773438,0.105469,-0.101563,0,0,0.003906,-39,-22.3125,1.0625,-0.708374,-0.07428,-0.698853,0.065552,35.1758105,-76.8283571
16:40:23,2.6,84,22.23619,1016.307,-0.786,-25.41694,63637.27239138566,9.8125,0.105469,-0.140625,0,0,-0.001953,-40.25,-21.9375,4.5,-0.7099,-0.056885,-0.700317,0.048462,35.1758107,-76.8283573
16:40:25,2.606452,84,22.25961,1016.308,-0.801,-25.43199,63642.29751589279,9.8125,0.105469,-0.140625,0,-0.001953,0.001953,-39.9375,-23.3125,5.75,-0.710205,-0.052246,-0.700684,0.043884,35.175811,-76.8283577
16:40:26,2.629032,85,22.27531,1016.306,-0.799,-25.40891,63645.720731372676,9.773438,0.105469,-0.101563,0,0.001953,-0.001953,-39.9375,-22.625,4.875,-0.709778,-0.057434,-0.700317,0.049133,35.1758111,-76.8283579
16:40:29,2.667742,87,22.27587,1016.304,-0.836,-25.39788,63645.88222388297,9.777344,0.140625,-0.179688,0,-0.001953,-0.001953,-40.3125,-22.25,3.1875,-0.708801,-0.069641,-0.699341,0.060913,35.1758111,-76.8283583
16:40:30,2.590322,83,22.28729,1016.305,-0.84,-25.39988,63648.3220983636,9.8125,0.105469,-0.179688,0.001953,0,-0.003906,-41.375,-22.625,3.1875,-0.709473,-0.062439,-0.69989,0.05365,35.1758112,-76.8283584
16:40:32,2.609677,84,22.30442,1016.305,-0.816,-25.40389,63652.01254569185,9.8125,0.105469,-0.179688,0,0,0,-40.375,-21.625,1.0625,-0.709961,-0.056641,-0.700317,0.048035,35.1758115,-76.8283586
16:40:34,2.606452,84,22.31327,1016.304,-0.797,-25.39487,63653.93959541638,9.777344,0.105469,-0.140625,0,0,0,-40.3125,-22.25,3.1875,-0.710754,-0.04541,-0.700989,0.037048,35.1758118,-76.8283587
16:40:36,2.616129,85,22.32869,1016.304,-0.759,-25.39687,63657.26164539085,9.773438,0.105469,-0.101563,-0.001953,-0.001953,0,-40,-21.5625,4,-0.710815,-0.044128,-0.70105,0.036011,35.1758121,-76.8283587
16:40:38,2.654839,87,22.33782,1016.302,-0.772,-25.38283,63659.269448084815,9.777344,0.105469,-0.140625,0,0,0,-39.9375,-23,4.5,-0.710754,-0.047058,-0.700806,0.038818,35.1758123,-76.8283588
16:40:39,2.612903,84,22.34696,1016.303,-0.766,-25.38684,63661.21812160549,9.773438,0.066406,-0.0625,-0.001953,0,0,-39.9375,-21.5625,4.875,-0.710388,-0.051575,-0.700623,0.043091,35.1758124,-76.8283588
16:40:40,2.667742,87,22.35239,1016.302,-0.761,-25.37982,63662.408377993524,9.816406,0.105469,-0.101563,-0.001953,0,0,-39.9375,-21.5625,4.875,-0.710388,-0.051575,-0.700623,0.043091,35.1758126,-76.8283589
16:40:41,2.635484,86,22.34838,1016.301,-0.744,-25.3738,63661.564900918325,9.734375,0.105469,-0.21875,0,0,0,-39.9375,-21.5625,4.875,-0.710388,-0.051575,-0.700623,0.043091,35.1758127,-76.8283589
16:40:42,2.622581,85,22.35924,1016.302,-0.729,-25.37881,63663.88412747017,9.738281,0.140625,-0.179688,0,0,0,-40.5625,-22.9375,5.75,-0.709045,-0.066772,-0.699585,0.058105,35.1758127,-76.828359
16:40:43,2.606452,84,22.37094,1016.304,-0.712,-25.39888,63666.36388997072,9.773438,0.105469,-0.101563,0,0,0,-40.25,-22.625,4.5,-0.708679,-0.070374,-0.699341,0.061646,35.1758128,-76.828359
16:40:44,2.580645,83,22.36238,1016.301,-0.7,-25.3738,63664.58103220342,9.777344,0.140625,-0.179688,0.003906,0.001953,0,-40.3125,-21.25,1.9375,-0.708496,-0.072266,-0.699097,0.063538,35.1758128,-76.8283591
16:40:46,2.6,84,22.37494,1016.301,-0.684,-25.36979,63667.286932842035,9.777344,0.105469,-0.140625,0,0,0,-40,-21.9375,3.625,-0.709717,-0.058533,-0.700256,0.050049,35.1758129,-76.8283592
16:40:48,2.674194,88,22.37951,1016.302,-0.667,-25.37681,63668.251053293745,9.777344,0.105469,-0.140625,0.001953,-0.001953,0,-40.625,-21.5625,3.625,-0.710144,-0.053345,-0.700623,0.045044,35.1758128,-76.8283594
16:40:50,2.577419,83,22.38836,1016.299,-0.655,-25.35775,63670.21897336207,9.773438,0.105469,-0.0625,0,0,0,-40.9375,-22.9375,4.875,-0.710022,-0.052368,-0.700806,0.043945,35.175813,-76.8283594
16:40:51,2.606452,84,22.41947,1016.301,-0.65,-25.3738,63676.880384708136,9.777344,0.105469,-0.179688,0.003906,0.001953,0.001953,-41,-21.5625,3.625,-0.709595,-0.05957,-0.700256,0.05072,35.1758131,-76.8283593
16:40:52,2.596774,84,22.41889,1016.3,-0.637,-25.36176,63676.775864419105,9.8125,0.105469,-0.179688,0,0,0,-39.625,-21.625,3.625,-0.709717,-0.058716,-0.700256,0.049988,35.1758131,-76.8283594
16:40:54,2.590322,83,22.43288,1016.302,-0.596,-25.37681,63679.74897293878,9.777344,0.105469,-0.140625,0,0,0,-40.6875,-22.625,2.6875,-0.709839,-0.056274,-0.700439,0.047729,35.1758132,-76.8283594
16:40:56,2.612903,84,22.43147,1016.299,-0.548,-25.35775,63679.50650930137,9.777344,0.105469,-0.140625,0,0,0,-40.3125,-23,1.8125,-0.710327,-0.050354,-0.700867,0.04187,35.1758132,-76.8283596
16:40:58,2.6,84,22.43546,1016.298,-0.499,-25.34571,63680.386542184075,9.816406,0.105469,-0.101563,0,0,0,-40.625,-21.5625,3.625,-0.710754,-0.043518,-0.701233,0.035156,35.1758131,-76.8283597
16:41:00,2.648387,86,22.45001,1016.299,-0.47,-25.35775,63683.500731438115,9.738281,0.105469,-0.140625,0,0,0,-38.9375,-21.5625,4.0625,-0.710571,-0.045593,-0.701111,0.037231,35.175813,-76.8283597
16:41:02,2.596774,84,22.46943,1016.302,-0.445,-25.37681,63687.62322744554,9.773438,0.140625,-0.101563,-0.003906,-0.001953,0,-40.5625,-22.1875,7.0625,-0.710083,-0.051636,-0.700867,0.043152,35.175813,-76.8283598
16:41:04,2.603226,84,22.47256,1016.3,-0.404,-25.36176,63688.33842284886,9.777344,0.066406,-0.140625,0,0,0,-39.9375,-21.5625,4.5,-0.708984,-0.066162,-0.699768,0.057434,35.175813,-76.8283597
16:41:07,2.593548,83,22.48884,1016.301,-0.349,-25.37079,63691.825315225775,9.777344,0.105469,-0.140625,-0.003906,0,0.001953,-39.625,-21.9375,4.5,-0.708069,-0.075012,-0.699036,0.066162,35.1758131,-76.8283596
16:41:08,2.606452,84,22.49312,1016.299,-0.334,-25.35674,63692.78826737741,9.777344,0.105469,-0.179688,-0.001953,-0.001953,-0.001953,-39.25,-23,3.625,-0.708496,-0.071594,-0.69928,0.062805,35.1758131,-76.8283597
16:41:09,2.632258,85,22.50311,1016.299,-0.334,-25.35273,63694.94049386856,9.777344,0.105469,-0.179688,0,0,0,-39.3125,-22,2.75,-0.708984,-0.066467,-0.699707,0.057678,35.1758131,-76.8283597
16:41:10,2.590322,83,22.48399,1016.297,-0.345,-25.34069,63690.8621942048,9.773438,0.066406,-0.21875,0,0,0,-40.625,-23,3.5625,-0.708984,-0.066467,-0.699707,0.057678,35.1758131,-76.8283597
16:41:12,2.593548,83,22.48598,1016.297,-0.338,-25.33568,63691.29091627348,9.777344,0.105469,-0.179688,0,0,0,-40.9375,-20.0625,5.8125,-0.710083,-0.051453,-0.700928,0.042908,35.1758133,-76.8283597
16:41:14,2.590322,83,22.50626,1016.299,-0.32,-25.35574,63695.61912384325,9.8125,0.027344,-0.027344,0.041016,-0.005859,-0.001953,-40.5625,-21.9375,6.1875,-0.709656,-0.058716,-0.700317,0.050171,35.1758133,-76.8283598
16:41:17,2.622581,85,22.51339,1016.299,-0.237,-25.35073,63697.15519740501,9.851563,0.332031,0.28125,-0.087891,-0.015625,-0.011719,-38.875,-23,4.0625,-0.70874,-0.060669,-0.701172,0.048706,35.1758136,-76.82836
16:41:22,2.616129,85,22.54194,1016.299,-0.168,-25.35273,63703.30595479463,9.8125,-0.050781,-0.21875,0.095703,-0.023438,-0.005859,-40.625,-22.625,4.875,-0.711243,-0.038452,-0.701294,0.028076,35.1758134,-76.8283604
16:41:25,2.596774,84,22.58989,1016.298,-0.142,-25.3437,63713.65665666707,9.777344,0.140625,-0.140625,0.042969,0,0,-40.9375,-21.9375,5.25,-0.7099,-0.061646,-0.699768,0.051025,35.175813,-76.8283606
16:41:26,2.583871,83,22.6096,1016.301,-0.142,-25.37079,63717.84160193922,9.777344,0.179688,-0.140625,0.005859,0.001953,-0.001953,-40.3125,-24.0625,4.875,-0.708984,-0.067383,-0.699768,0.055725,35.175813,-76.8283606
16:41:27,2.596774,84,22.62101,1016.301,-0.137,-25.37079,63720.299748936566,9.734375,0.179688,-0.101563,-0.001953,-0.001953,0,-39.9375,-24.0625,4,-0.708862,-0.068115,-0.699829,0.056091,35.1758128,-76.8283607
16:41:28,2.603226,84,22.631,1016.3,-0.111,-25.36377,63722.472422431696,9.777344,0.179688,-0.140625,-0.003906,0.001953,-0.001953,-39.9375,-23.6875,5.6875,-0.708862,-0.068848,-0.699707,0.056824,35.1758127,-76.8283608
16:41:30,2.596774,84,22.63557,1016.302,-0.064,-25.38182,63723.41607679583,9.777344,0.140625,-0.140625,0,-0.001953,0,-40.9375,-22.1875,5.6875,-0.708496,-0.072205,-0.699463,0.059875,35.1758126,-76.8283607
16:41:32,2.590322,83,22.63158,1016.301,-0.032,-25.36678,63722.57692805681,9.777344,0.179688,-0.140625,0,0,0,-40.375,-22.625,3.125,-0.709229,-0.061523,-0.700562,0.049316,35.1758125,-76.8283606
16:41:33,2.6,84,22.64442,1016.299,-0.031,-25.35574,63725.38404997116,9.773438,0.140625,-0.101563,0,0,0,-41.6875,-22.625,3.0625,-0.709229,-0.061523,-0.700562,0.049316,35.1758125,-76.8283607
16:41:34,2.596774,84,22.637,1016.301,-0.01,-25.36878,63723.74460174004,9.777344,0.179688,-0.140625,-0.001953,0,0,-41.6875,-22.625,3.0625,-0.709229,-0.061523,-0.700562,0.049316,35.1758125,-76.8283607
16:41:35,2.587097,83,22.64899,1016.301,0.005,-25.36678,63726.32770274779,9.816406,0.179688,-0.101563,0,0,0,-40,-22.625,2.75,-0.710022,-0.050537,-0.701294,0.03833,35.1758125,-76.8283607
16:41:37,2.596774,84,22.63985,1016.302,0.053,-25.37781,63724.33815092139,9.816406,0.140625,-0.101563,0,0,0,-39.6875,-21.25,2.3125,-0.710144,-0.048279,-0.701477,0.03595,35.1758126,-76.8283606
16:41:39,2.583871,83,22.65641,1016.304,0.098,-25.39186,63727.86490204678,9.773438,0.179688,-0.101563,0,0,0,-40.375,-22.625,2.6875,-0.710327,-0.046448,-0.701477,0.03418,35.1758125,-76.8283605
16:41:42,2.577419,83,22.65327,1016.303,0.14,-25.38483,63727.208877391364,9.8125,0.140625,-0.140625,0,0,0,-40.4375,-22.375,-0.8125,-0.710388,-0.044678,-0.70166,0.032288,35.1758122,-76.8283606
16:41:43,2.603226,84,22.67896,1016.302,0.148,-25.37681,63732.76392640043,9.777344,0.140625,-0.140625,0,0,0,-40.0625,-22.6875,0.5625,-0.710388,-0.044312,-0.701721,0.03186,35.1758122,-76.8283607
16:41:44,2.593548,83,22.66469,1016.3,0.158,-25.36477,63729.730529260436,9.8125,0.179688,-0.140625,0,0,0,-39.3125,-23.75,2.6875,-0.710754,-0.03833,-0.701904,0.026001,35.1758121,-76.8283608
16:41:46,2.570968,82,22.67554,1016.302,0.176,-25.37781,63732.027128851514,9.773438,0.140625,-0.101563,0,0,0,-40.625,-23.3125,4,-0.710938,-0.036621,-0.701904,0.024414,35.1758119,-76.8283609
16:41:47,2.583871,83,22.68495,1016.301,0.187,-25.36678,63734.074851391495,9.777344,0.140625,-0.140625,-0.003906,0,0.001953,-39.1875,-22.5625,6.1875,-0.710693,-0.040222,-0.701782,0.028137,35.1758118,-76.828361
16:41:48,2.583871,83,22.70009,1016.305,0.18,-25.40089,63737.254769531166,9.8125,0.140625,-0.140625,0,0,0.001953,-40.3125,-22.5625,5.25,-0.710388,-0.044739,-0.701599,0.032776,35.1758117,-76.8283611
16:41:49,2.570968,82,22.68952,1016.301,0.192,-25.37079,63735.05940281813,9.773438,0.140625,-0.101563,-0.003906,0,-0.003906,-40.625,-21.5625,4.4375,-0.709595,-0.054077,-0.701233,0.042175,35.1758117,-76.8283612
16:41:50,2.580645,83,22.69352,1016.302,0.206,-25.38182,63735.90070193034,9.777344,0.140625,-0.140625,0,0,0,-40.9375,-22.9375,4.375,-0.708923,-0.062134,-0.700745,0.049988,35.1758116,-76.8283612
16:41:51,2.593548,83,22.69495,1016.303,0.22,-25.38684,63736.18832534003,9.777344,0.140625,-0.140625,0,0,0,-40.9375,-22.9375,4.375,-0.708923,-0.062195,-0.700745,0.05011,35.1758115,-76.8283613
16:41:52,2.596774,84,22.70409,1016.302,0.217,-25.3758,63738.17788031985,9.738281,0.140625,-0.140625,0.001953,0.001953,0,-40.625,-23.6875,4,-0.708435,-0.065613,-0.700684,0.053345,35.1758115,-76.8283613
16:41:53,2.580645,83,22.70665,1016.303,0.216,-25.38483,63738.70894772485,9.816406,0.179688,-0.0625,0.003906,0,0,-40.375,-22,2.25,-0.708618,-0.064575,-0.700684,0.052307,35.1758114,-76.8283613
16:42:03,2.606452,84,22.7058,1016.306,0.292,-25.40991,63738.46446520392,9.660156,-0.125,-0.292969,-0.076172,0.03125,0.029297,-41,-23.6875,3.0625,-0.712769,-0.018982,-0.701111,0.006836,35.1758108,-76.828362
16:42:05,2.580645,83,22.74919,1016.303,0.293,-25.38684,63747.87367219069,10.62109,-1.121094,0.050781,-0.292969,-0.003906,0.003906,-40.4375,-22,0.125,-0.71283,-0.022949,-0.700806,0.013855,35.1758104,-76.8283619
16:42:08,2.570968,82,22.75604,1016.305,0.254,-25.40791,63749.30850730206,9.777344,0.257813,-0.101563,0.015625,-0.001953,-0.003906,-39.75,-22.375,-0.3125,0.712341,-0.004211,0.70166,0.015808,35.1758103,-76.828362
16:42:09,2.577419,83,22.80315,1016.313,0.251,-25.4681,63759.294095385616,9.816406,0.179688,-0.0625,-0.025391,-0.001953,-0.005859,-40.75,-23.75,0.4375,0.712158,-0.004395,0.701782,0.016235,35.1758104,-76.828362
16:42:10,2.593548,83,22.7943,1016.311,0.26,-25.45707,63757.42839567787,9.8125,0.21875,-0.0625,-0.019531,0,0,-40.1875,-23.5,-3.8125,0.711792,-0.003784,0.702148,0.016052,35.1758105,-76.8283618
16:42:11,2.593548,83,22.7943,1016.311,0.32,-25.45707,63757.42839567787,9.777344,0.21875,-0.101563,-0.003906,0.001953,0,-40.0625,-21.6875,-0.375,0.711487,-0.004578,0.702454,0.017212,35.1758104,-76.8283616
16:42:12,2.63871,86,22.80171,1016.31,0.335,-25.44804,63759.04524570414,9.777344,0.21875,-0.101563,0.001953,0,0,-41.0625,-22.6875,0.5,0.711426,-0.004456,0.702515,0.017151,35.1758102,-76.8283616
16:42:13,2.63871,86,22.79258,1016.311,0.331,-25.45205,63757.057843594775,9.777344,0.21875,-0.101563,0,0,0,-40.4375,-22,0.5,0.711304,-0.004944,0.702637,0.017883,35.1758102,-76.8283617
16:42:14,2.574193,82,22.80029,1016.313,0.352,-25.4691,63758.6779452243,9.777344,0.179688,-0.140625,0,0,0,-39.375,-23.8125,-0.375,0.711243,-0.005005,0.702698,0.018066,35.1758101,-76.8283616
16:42:16,2.603226,84,22.802,1016.311,0.379,-25.45205,63759.08726256142,9.773438,0.179688,-0.0625,0,0.001953,-0.001953,-39.6875,-22,1.375,0.711121,-0.00415,0.70282,0.017456,35.17581,-76.8283614
16:42:17,2.574193,82,22.8217,1016.314,0.388,-25.47914,63763.26999269187,9.734375,0.179688,-0.101563,0,0,0,-39,-23.4375,0.5,0.711243,-0.000732,0.70282,0.014343,35.17581,-76.8283613
16:42:18,2.587097,83,22.82312,1016.314,0.393,-25.48014,63763.57591330316,9.773438,0.179688,-0.101563,0,0,0,-39.6875,-22.6875,0.125,0.711182,-0.001099,0.702881,0.014648,35.1758099,-76.8283613
16:42:27,2.574193,82,22.84482,1016.317,0.242,-25.50622,63768.189508868934,9.777344,0.179688,-0.140625,0,0,0,-41.0625,-22.625,1.75,-0.710754,-0.016113,-0.703247,0.001953,35.17581,-76.828362
16:42:28,2.625807,85,22.87337,1016.318,0.26,-25.51124,63774.31976599747,9.777344,0.179688,-0.140625,0,0,0,-40.375,-22.625,2.25,-0.710754,-0.019531,-0.703186,0.005249,35.17581,-76.8283619
16:42:30,2.629032,85,22.87479,1016.32,0.272,-25.52629,63774.58475662427,9.8125,0.21875,-0.101563,0.001953,0.001953,0,-39.8125,-23.125,-2.9375,-0.710815,-0.02002,-0.703125,0.005981,35.17581,-76.8283618
16:42:31,2.558064,82,22.87394,1016.316,0.281,-25.49218,63774.48349452862,9.734375,0.179688,-0.101563,0,0,0,-40.4375,-23.4375,0.0625,0.710999,0.007385,0.703125,0.006592,35.17581,-76.8283617
16:42:32,2.603226,84,22.88479,1016.319,0.304,-25.52027,63776.75958845365,9.816406,0.179688,-0.101563,-0.005859,0,0.003906,-39.375,-23.0625,0.125,0.710938,0.002808,0.703186,0.011047,35.1758099,-76.8283616
16:42:33,2.583871,83,22.88821,1016.319,0.321,-25.51625,63777.4963819832,9.738281,0.179688,-0.140625,0,0,0,-39.375,-23.0625,0.125,0.710938,0.002808,0.703186,0.011047,35.1758099,-76.8283614
16:42:34,2.564516,82,22.89821,1016.318,0.339,-25.51224,63779.671215455615,9.773438,0.21875,-0.140625,0,0,0,-40.375,-23.75,2.625,0.710938,-0.001465,0.703125,0.015015,35.1758098,-76.8283612
16:42:35,2.619355,85,22.90163,1016.318,0.335,-25.51224,63780.408009221595,9.8125,0.21875,-0.101563,0,0,0,-40.375,-23.75,2.625,0.710938,-0.001465,0.703125,0.015015,35.1758098,-76.8283611
16:42:36,2.596774,84,22.9002,1016.321,0.335,-25.53331,63780.03853501352,9.734375,0.179688,-0.0625,-0.003906,0,0,-40.0625,-23.4375,-0.375,0.710999,0.003235,0.703064,0.010437,35.1758097,-76.828361
16:42:37,2.545161,81,22.90734,1016.32,0.355,-25.52829,63781.59721910697,9.777344,0.179688,-0.140625,0,0,0,-40.125,-23.0625,-1.25,0.710999,0.002747,0.703125,0.010864,35.1758097,-76.8283609
16:42:38,2.629032,85,22.90705,1016.319,0.337,-25.51726,63781.55520949684,9.734375,0.21875,-0.140625,-0.003906,0.001953,-0.003906,-41.0625,-22.625,1.375,0.710938,-0.001953,0.703064,0.015503,35.1758096,-76.8283609
16:42:39,2.577419,83,22.90991,1016.322,0.324,-25.54434,63782.10995690821,9.777344,0.179688,-0.140625,0,0,0,-40.75,-21.625,0.875,0.710938,-0.00415,0.703003,0.017761,35.1758096,-76.8283608
16:42:41,2.6,84,22.91705,1016.323,0.332,-25.55036,63783.62770586433,9.777344,0.140625,0.011719,0.050781,0.003906,0.009766,-41.375,-22.3125,2.25,0.711121,-0.00647,0.702698,0.020447,35.1758097,-76.8283607
                                                                                                                                                                                                                  